{"TGJWFWN1DA":{"22":{"LUK1:19-20":[253.044,268.865,288.885],"LUK1:26":[355.966,370.266],"LUK1:34-35":[454.978,463.658,479.808],"LUK1:39-41":[514.749,528.599,536.349,549.569],"LUK1:5-7":[66.931,88.462,99.062,110.722],"LUK1:57":[683.902,693.712],"LUK1:8":[110.722,121.162]},"23":{"LUK2:1":[2.91,15.291],"LUK2:12-14":[120.085,130.185,143.016,156.796],"LUK2:15-17":[156.796,174.257,185.727,199.238],"LUK2:6-7":[54.612,61.882,78.913],"LUK2:8-11":[78.913,87.813,98.824,111.994,120.085],"MAT1:18-19":[322.442,322.442,322.442],"MAT1:20-21":[322.442,322.442,322.442],"MAT1:24-25":[322.442,322.442,322.442],"MAT2:1-2":[3.7,21.06,37.971],"MAT2:11":[176.944,194.534]}},"warnings":{"TGJWFWN1DA":{"23":{"MAT1:18-19":{"details":"no verses after range, repeating verse 12 timestamp","method":"repeat_before","type":"approximated","used_verses":[12]},"MAT1:20-21":{"details":"no verses after range, repeating verse 12 timestamp","method":"repeat_before","type":"approximated","used_verses":[12]},"MAT1:24-25":{"details":"no verses after range, repeating verse 12 timestamp","method":"repeat_before","type":"approximated","used_verses":[12]}}}}}