{"metadata":{"generated_at":"2026-01-05T16:22:17.448057Z","total_languages":5},"canons":{"nt":{"with-timecode":{"kff":{"n":"Koya"},"tel":{"n":"Telugu","v":"తెలుగు"},"wsg":{"n":"Gondi, Adilabad"}},"audio-with-timecode":{"tel":{"n":"Telugu","v":"తెలుగు"}},"text-only":{"kfc":{"n":"Konda-Dora","v":"కొండ‎"}},"audio-only":{"kfc":{"n":"Konda-Dora","v":"కొండ‎"}}},"ot":{"with-timecode":{"tel":{"n":"Telugu","v":"తెలుగు"}},"text-only":{"tel":{"n":"Telugu","v":"తెలుగు"}}}}}