{"DTPBSMN1DA":{"22":{"LUK1:19-20":[292.625,308.676,329.416],"LUK1:26":[401.137,418.368],"LUK1:34-35":[515.459,530.08,550.89],"LUK1:39-41":[589.501,600.091,610.121,625.691],"LUK1:5-7":[61.211,86.432,102.172,111.512],"LUK1:57":[818.875,827.555],"LUK1:8":[111.512,127.862]},"23":{"LUK2:1":[2.94,15.57],"LUK2:12-14":[141.304,156.045,167.195,180.035],"LUK2:15-17":[180.035,200.006,212.536,225.127],"LUK2:6-7":[60.022,67.392,90.053],"LUK2:8-11":[90.053,102.203,114.393,130.934,141.304],"MAT1:18-19":[317.321,317.321,317.321],"MAT1:20-21":[317.321,317.321,317.321],"MAT1:24-25":[317.321,317.321,317.321],"MAT2:1-2":[3.3,30.851,49.422],"MAT2:11":[204.62,217.72]}},"warnings":{"DTPBSMN1DA":{"23":{"MAT1:18-19":{"details":"no verses after range, repeating verse 12 timestamp","method":"repeat_before","type":"approximated","used_verses":[12]},"MAT1:20-21":{"details":"no verses after range, repeating verse 12 timestamp","method":"repeat_before","type":"approximated","used_verses":[12]},"MAT1:24-25":{"details":"no verses after range, repeating verse 12 timestamp","method":"repeat_before","type":"approximated","used_verses":[12]}}}}}