{"metadata":{"generated_at":"2026-01-01T00:00:00Z","total_languages":35},"canons":{"nt":{"with-timecode":{"any":{"n":"Agni Sanvi","v":"Anyi"},"bov":{"n":"Tuwuli"},"cmn":{"n":"Chinese, Mandarin: Hui","v":"回族版圣经"},"omw":{"n":"Omwunra-Toqura","v":"Omwunra Toqura"},"pny":{"n":"Pinyin"},"uig":{"n":"Uyghur","v":"ئۇيغۇرچە"},"yre":{"n":"Yaoure","v":"Yaouré"}},"audio-with-timecode":{"csy":{"n":"Sizang","v":"Siyin Chin"},"gej":{"n":"Gen","v":"Mina"}},"syncable":{"byr":{"n":"Baruya","v":"Yipma (Baruya)"},"cmn":{"n":"Chinese, Mandarin: Hui","v":"回族版圣经"},"kaz":{"n":"Kazakh","v":"Қазақша"},"pib":{"n":"Yine","v":"Gerotu Tokanchi Gipiratkaluru"},"spp":{"n":"Senoufo, Supyire","v":"Supyire"},"yue":{"n":"Chinese, Cantonese","v":"粵語"}},"text-only":{"aai":{"n":"Arifama-Miniafia"},"ape":{"n":"Bukiyip"},"hak":{"n":"Hakka Chinese","v":"客家話"},"hvn":{"n":"Sabu/Hawu","v":"Lii Hawu"},"ifu":{"n":"Mayoyao Ifugao"},"kmh":{"n":"Kalam (Minimib)"},"min":{"n":"Minangkabau"},"opm":{"n":"Oksapmin"},"wuv":{"n":"Wuvulu-Aua"},"yss":{"n":"Yessan-Mayo Yawu"}},"audio-only":{"brv":{"n":"Bru Dong Luang"},"coh":{"n":"Chonyi"},"jow":{"n":"Jowulu","v":"Jɔ"},"uig":{"n":"Uyghur","v":"ئۇيغۇرچە"},"ulb":{"n":"Olukwumi"},"yue":{"n":"Chinese, Cantonese","v":"粵語"}}},"ot":{"with-timecode":{"cmn":{"n":"Chinese, Mandarin: Hui","v":"回族版圣经"}},"syncable":{"cmn":{"n":"Chinese, Mandarin: Hui","v":"回族版圣经"},"hak":{"n":"Hakka Chinese","v":"客家話"},"min":{"n":"Minangkabau"}},"text-only":{"kaz":{"n":"Kazakh","v":"Қазақша"},"yue":{"n":"Chinese, Cantonese","v":"粵語"}}},"templates":{}}}