{"INZTSIN1DA":{"22":{"LUK1:19-20":[250.932,266.582,286.622],"LUK1:26":[350.013,368.763],"LUK1:34-35":[440.654,455.294,469.414],"LUK1:39-41":[497.714,507.134,517.504,529.625],"LUK1:5-7":[57.86,79.131,91.071,100.111],"LUK1:57":[678.886,688.876],"LUK1:8":[100.111,112.201]},"23":{"LUK2:1":[3.15,18.031],"LUK2:12-14":[148.565,158.315,171.085,188.436],"LUK2:15-17":[188.436,199.146,209.936,214.007],"LUK2:6-7":[64.592,86.953,96.963],"LUK2:8-11":[96.963,108.073,122.844,132.414,148.565],"MAT1:18-19":[246.659,246.659,246.659],"MAT1:20-21":[246.659,246.659,246.659],"MAT1:24-25":[246.659,246.659,246.659],"MAT2:1-2":[3.37,27.822,44.443],"MAT2:11":[156.06,169.7]}},"warnings":{"INZTSIN1DA":{"23":{"MAT1:18-19":{"details":"no verses after range, repeating verse 13 timestamp","method":"repeat_before","type":"approximated","used_verses":[13]},"MAT1:20-21":{"details":"no verses after range, repeating verse 13 timestamp","method":"repeat_before","type":"approximated","used_verses":[13]},"MAT1:24-25":{"details":"no verses after range, repeating verse 13 timestamp","method":"repeat_before","type":"approximated","used_verses":[13]}}}}}