{"metadata":{"generated_at":"2026-01-01T00:00:00Z","total_languages":10},"canons":{"nt":{"with-timecode":{"gbm":{"n":"Garhwali","v":"गढ़वळि भाख"},"kfy":{"n":"Kumaoni: Soriyali","v":"सोरियाली"},"npi":{"n":"Nepali","v":"नेपाली"},"thl":{"n":"Deukhuri","v":"देउखुरी"}},"syncable":{"mwq":{"n":"Chin, Cho","v":"Cho Ng’thu"},"npi":{"n":"Nepali","v":"नेपाली"},"thl":{"n":"Deukhuri","v":"देउखुरी"}},"text-only":{"mai":{"n":"Maithili","v":"मैथिली"},"taj":{"n":"Eastern Tamang","v":"Tamang, Eastern"}},"audio-only":{"bap":{"n":"Bantawa","v":"बान्तावा"},"gbm":{"n":"Garhwali","v":"गढ़वळि भाख"},"npi":{"n":"Nepali","v":"नेपाली"},"tdg":{"n":"Tamang, Western"}}},"ot":{},"templates":{}}}