{"metadata":{"generated_at":"2026-01-05T16:22:17.448057Z","total_languages":3},"canons":{"nt":{"with-timecode":{"aeb":{"n":"Arabic, Tunisian Spoken","v":"تونسي, الدارجة"},"arb":{"n":"Arabic, Standard: Classical","v":"العربية الفصحى"}},"syncable":{"arb":{"n":"Arabic, Standard: Classical","v":"العربية الفصحى"}},"text-only":{"fra":{"n":"French","v":"Français"}},"audio-only":{"arb":{"n":"Arabic, Standard: Classical","v":"العربية الفصحى"},"fra":{"n":"French","v":"Français"}}},"ot":{"syncable":{"arb":{"n":"Arabic, Standard: Classical","v":"العربية الفصحى"},"fra":{"n":"French","v":"Français"}},"text-only":{"arb":{"n":"Arabic, Standard: Classical","v":"العربية الفصحى"},"fra":{"n":"French","v":"Français"}},"audio-only":{"fra":{"n":"French","v":"Français"}}}}}