{"metadata":{"generated_at":"2026-01-01T00:00:00Z","total_languages":12},"canons":{"nt":{"with-timecode":{"tgk":{"n":"Tajik","v":"тоҷикӣ"},"tuk":{"n":"Turkmen","v":"Türkmençe"},"uzn":{"n":"Northern Uzbek","v":"oʻzbek tili, ўзбек тили"}},"audio-with-timecode":{"tgk":{"n":"Tajik","v":"тоҷикӣ"},"tuk":{"n":"Turkmen","v":"Türkmençe"}},"syncable":{"ydd":{"n":"Eastern Yiddish","v":"יידיש"}},"audio-only":{"pbu":{"n":"Northern Pashto","v":"Pashto, Northern"},"prs":{"n":"Dari","v":"دری"}}},"ot":{"syncable":{"tuk":{"n":"Turkmen","v":"Türkmençe"}},"text-only":{"ydd":{"n":"Eastern Yiddish","v":"יידיש"}},"audio-only":{"uzn":{"n":"Northern Uzbek","v":"oʻzbek tili, ўзбек тили"}}},"templates":{}}}