{"MADIBSN2SA":{"22":{"LUK1:19-20":[204.152,215.502,237.952],"LUK1:26":[286.903,295.033],"LUK1:34-35":[360.233,368.683,384.874],"LUK1:39-41":[413.354,420.194,427.114,435.624],"LUK1:5-7":[50.95,65.411,75.321,82.121],"LUK1:57":[561.425,565.295],"LUK1:8":[82.121,89.951]},"23":{"LUK2:1":[2.76,14.381],"LUK2:12-14":[99.584,111.025,118.565,130.426],"LUK2:15-17":[130.426,142.266,151.017,159.937],"LUK2:6-7":[42.832,48.322,62.063],"LUK2:8-11":[62.063,69.053,80.154,91.184,99.584],"MAT1:18-19":[208.358,208.358,208.358],"MAT1:20-21":[208.358,208.358,208.358],"MAT1:24-25":[208.358,208.358,208.358],"MAT2:1-2":[2.91,15.221,34.922],"MAT2:11":[138.247,146.698]}},"warnings":{"MADIBSN2SA":{"23":{"MAT1:18-19":{"details":"no verses after range, repeating verse 12 timestamp","method":"repeat_before","type":"approximated","used_verses":[12]},"MAT1:20-21":{"details":"no verses after range, repeating verse 12 timestamp","method":"repeat_before","type":"approximated","used_verses":[12]},"MAT1:24-25":{"details":"no verses after range, repeating verse 12 timestamp","method":"repeat_before","type":"approximated","used_verses":[12]}}}}}