{"metadata":{"generated_at":"2026-01-01T00:00:00Z","total_languages":14},"canons":{"nt":{"with-timecode":{"cmn":{"n":"Chinese, Mandarin: Hui","v":"回族版圣经"},"nan":{"n":"Penang Hokkien"}},"syncable":{"cmn":{"n":"Chinese, Mandarin: Hui","v":"回族版圣经"},"yue":{"n":"Chinese, Cantonese","v":"粵語"}},"text-only":{"hak":{"n":"Hakka Chinese","v":"客家話"}},"audio-only":{"yue":{"n":"Chinese, Cantonese","v":"粵語"}}},"ot":{"with-timecode":{"cmn":{"n":"Chinese, Mandarin: Hui","v":"回族版圣经"}},"syncable":{"cmn":{"n":"Chinese, Mandarin: Hui","v":"回族版圣经"},"hak":{"n":"Hakka Chinese","v":"客家話"}},"text-only":{"yue":{"n":"Chinese, Cantonese","v":"粵語"}}},"templates":{}}}