{"YKAWYIN1DA":{"22":{"LUK1:19-20":[196.772,210.232,226.712],"LUK1:26":[270.093,281.033],"LUK1:34-35":[342.144,349.164,362.834],"LUK1:39-41":[386.624,395.504,403.614,412.044],"LUK1:5-7":[44.98,62.081,72.691,80.171],"LUK1:57":[525.436,531.506],"LUK1:8":[80.171,86.621]},"23":{"LUK2:1":[2.64,14.331],"LUK2:12-14":[107.014,116.575,126.505,132.905],"LUK2:15-17":[132.905,145.516,155.256,163.096],"LUK2:6-7":[48.202,53.032,68.433],"LUK2:8-11":[68.433,78.613,88.753,97.954,107.014],"MAT1:18-19":[224.928,224.928,224.928],"MAT1:20-21":[224.928,224.928,224.928],"MAT1:24-25":[224.928,224.928,224.928],"MAT2:1-2":[2.61,18.39,37.391],"MAT2:11":[154.934,164.944]}},"warnings":{"YKAWYIN1DA":{"23":{"MAT1:18-19":{"details":"no verses after range, repeating verse 12 timestamp","method":"repeat_before","type":"approximated","used_verses":[12]},"MAT1:20-21":{"details":"no verses after range, repeating verse 12 timestamp","method":"repeat_before","type":"approximated","used_verses":[12]},"MAT1:24-25":{"details":"no verses after range, repeating verse 12 timestamp","method":"repeat_before","type":"approximated","used_verses":[12]}}}}}