{"metadata":{"generated_at":"2026-01-05T16:22:17.448057Z","total_languages":7},"canons":{"nt":{"with-timecode":{"cmn":{"n":"Chinese, Mandarin: Hui","v":"回族版圣经"},"nan":{"n":"Penang Hokkien"}},"audio-with-timecode":{"ami":{"n":"Amis"},"tao":{"n":"Tao"}},"syncable":{"cmn":{"n":"Chinese, Mandarin: Hui","v":"回族版圣经"}},"text-only":{"hak":{"n":"Hakka Chinese","v":"客家話"}},"audio-only":{"trv":{"n":"Kari Seediq Tgdaya","v":"賽德克族德固達雅語"}}},"ot":{"with-timecode":{"cmn":{"n":"Chinese, Mandarin: Hui","v":"回族版圣经"}},"syncable":{"cmn":{"n":"Chinese, Mandarin: Hui","v":"回族版圣经"},"hak":{"n":"Hakka Chinese","v":"客家話"}}}}}