{"metadata":{"generated_at":"2026-01-05T16:22:17.448057Z","total_languages":3},"canons":{"nt":{"with-timecode":{"eng":{"n":"English: USA","v":"English"}},"audio-with-timecode":{"eng":{"n":"English: USA","v":"English"}},"syncable":{"eng":{"n":"English: USA","v":"English"}},"text-only":{"eng":{"n":"English: USA","v":"English"},"fra":{"n":"French","v":"Français"}},"audio-only":{"eng":{"n":"English: USA","v":"English"},"fra":{"n":"French","v":"Français"}}},"ot":{"with-timecode":{"eng":{"n":"English: USA","v":"English"}},"syncable":{"eng":{"n":"English: USA","v":"English"},"fra":{"n":"French","v":"Français"}},"text-only":{"eng":{"n":"English: USA","v":"English"},"fra":{"n":"French","v":"Français"}},"audio-only":{"eng":{"n":"English: USA","v":"English"},"fra":{"n":"French","v":"Français"}}}}}