{"MLYBSMN2DA":{"22":{"LUK1:19-20":[195.425,207.265,218.265],"LUK1:26":[269.037,279.737],"LUK1:34-35":[343.298,351.049,364.059],"LUK1:39-41":[390.74,399.53,405.64,415.66],"LUK1:5-7":[51.881,66.732,75.072,82.882],"LUK1:57":[536.163,542.903],"LUK1:8":[82.882,91.012]},"23":{"LUK2:1":[2.61,12.19],"LUK2:12-14":[100.003,107.233,115.553,125.473],"LUK2:15-17":[125.473,142.864,151.504,162.334],"LUK2:6-7":[46.671,52.801,66.742],"LUK2:8-11":[66.742,72.602,83.392,94.082,100.003],"MAT1:18-19":[282.999,282.999,282.999],"MAT1:20-21":[282.999,282.999,282.999],"MAT1:24-25":[282.999,282.999,282.999],"MAT2:1-2":[2.64,21.32,35.721],"MAT2:11":[167.993,185.424]}},"warnings":{"MLYBSMN2DA":{"23":{"MAT1:18-19":{"details":"no verses after range, repeating verse 13 timestamp","method":"repeat_before","type":"approximated","used_verses":[13]},"MAT1:20-21":{"details":"no verses after range, repeating verse 13 timestamp","method":"repeat_before","type":"approximated","used_verses":[13]},"MAT1:24-25":{"details":"no verses after range, repeating verse 13 timestamp","method":"repeat_before","type":"approximated","used_verses":[13]}}}}}