{"metadata":{"generated_at":"2026-01-05T16:22:17.448057Z","total_languages":6},"canons":{"nt":{"with-timecode":{"por":{"n":"Portuguese: Brasil","v":"Português"}},"audio-with-timecode":{"por":{"n":"Portuguese: Brasil","v":"Português"}},"text-only":{"por":{"n":"Portuguese: Brasil","v":"Português"}},"audio-only":{"kmb":{"n":"Kimbundu"},"lun":{"n":"Lunda"},"por":{"n":"Portuguese: Brasil","v":"Português"},"umb":{"n":"Umbundu"}}},"ot":{"syncable":{"por":{"n":"Portuguese: Brasil","v":"Português"}},"text-only":{"por":{"n":"Portuguese: Brasil","v":"Português"}},"audio-only":{"por":{"n":"Portuguese: Brasil","v":"Português"}}}}}