{"metadata":{"generated_at":"2026-01-05T16:22:17.448057Z","total_languages":11},"canons":{"nt":{"with-timecode":{"bam":{"n":"Bamanankan"},"bmq":{"n":"Bomu","v":"Boomu"},"ffm":{"n":"Fulfulde, Maasina"},"fuh":{"n":"Fulfulde Burkina","v":"Fulfulde"},"khq":{"n":"Koyra Chiini","v":"Songhay, Timbuktu - Koyra Ciini"},"ses":{"n":"Koyraboro Senni","v":"Gao Songhay"}},"text-only":{"fra":{"n":"French","v":"Français"}},"audio-only":{"fra":{"n":"French","v":"Français"}}},"ot":{"syncable":{"fra":{"n":"French","v":"Français"}},"text-only":{"bam":{"n":"Bamanankan"},"fra":{"n":"French","v":"Français"}},"audio-only":{"fra":{"n":"French","v":"Français"}}}}}