{"CEBRPVN1DA":{"22":{"LUK1:19-20":[224.163,239.983,258.174],"LUK1:26":[315.964,328.175],"LUK1:34-35":[400.786,408.846,424.026],"LUK1:39-41":[451.996,460.256,466.097,477.327],"LUK1:5-7":[49.381,66.771,76.901,84.021],"LUK1:57":[595.848,607.259],"LUK1:8":[84.021,99.241]},"23":{"LUK2:1":[3.11,14.39],"LUK2:12-14":[115.394,125.574,136.314,143.965],"LUK2:15-17":[143.965,159.315,168.845,177.336],"LUK2:6-7":[52.882,59.572,72.742],"LUK2:8-11":[72.742,83.443,93.633,107.053,115.394],"MAT1:18-19":[301.669,301.669,301.669],"MAT1:20-21":[301.669,301.669,301.669],"MAT1:24-25":[301.669,301.669,301.669],"MAT2:1-2":[3.36,18.731,40.442],"MAT2:11":[157.747,168.848]}},"warnings":{"CEBRPVN1DA":{"23":{"MAT1:18-19":{"details":"no verses after range, repeating verse 12 timestamp","method":"repeat_before","type":"approximated","used_verses":[12]},"MAT1:20-21":{"details":"no verses after range, repeating verse 12 timestamp","method":"repeat_before","type":"approximated","used_verses":[12]},"MAT1:24-25":{"details":"no verses after range, repeating verse 12 timestamp","method":"repeat_before","type":"approximated","used_verses":[12]}}}}}