{"metadata":{"generated_at":"2026-01-01T00:00:00Z","total_languages":6},"canons":{"nt":{"with-timecode":{"bwq":{"n":"Bobo Madare, Southern","v":"Bobo Madarɛ"},"mos":{"n":"Moore"}},"syncable":{"bwq":{"n":"Bobo Madare, Southern","v":"Bobo Madarɛ"},"dyu":{"n":"Jula (Burkina Faso)","v":"Julakan"}},"text-only":{"dyu":{"n":"Jula (Burkina Faso)","v":"Julakan"},"fra":{"n":"French","v":"Français"}},"audio-only":{"fra":{"n":"French","v":"Français"}}},"ot":{"syncable":{"fra":{"n":"French","v":"Français"}},"text-only":{"dyu":{"n":"Jula (Burkina Faso)","v":"Julakan"},"fra":{"n":"French","v":"Français"}},"audio-only":{"fra":{"n":"French","v":"Français"}}},"templates":{}}}