{"metadata":{"generated_at":"2026-01-05T16:22:17.448057Z","total_languages":7},"canons":{"nt":{"with-timecode":{"lao":{"n":"Lao","v":"ພາສາລາວ"},"mnw":{"n":"Mon"},"nod":{"n":"Northern Thai","v":"กำเมือง"}},"audio-with-timecode":{"tha":{"n":"Thai","v":"ไทย"}},"syncable":{"kyu":{"n":"Kayah, Western"},"shn":{"n":"Shan","v":"လိၵ်ႈတႆး"}},"text-only":{"tha":{"n":"Thai","v":"ไทย"}},"audio-only":{"tha":{"n":"Thai","v":"ไทย"}}},"ot":{"text-only":{"mnw":{"n":"Mon"}},"audio-only":{"tha":{"n":"Thai","v":"ไทย"}}}}}