{"BISBSPN2SA":{"22":{"LUK1:19-20":[283.253,293.893,310.293],"LUK1:26":[364.393,375.113],"LUK1:34-35":[463.104,480.944,488.814],"LUK1:39-41":[517.835,527.265,541.625,551.715],"LUK1:5-7":[53.32,78.561,87.131,94.361],"LUK1:57":[720.127,733.097],"LUK1:8":[94.361,132.261]},"23":{"LUK2:1":[2.58,19.4],"LUK2:12-14":[145.503,164.763,174.684,186.224],"LUK2:15-17":[186.224,203.854,216.044,222.534],"LUK2:6-7":[65.791,72.721,95.142],"LUK2:8-11":[95.142,102.722,113.582,126.213,145.503],"MAT1:18-19":[333.028,333.028,333.028],"MAT1:20-21":[333.028,333.028,333.028],"MAT1:24-25":[333.028,333.028,333.028],"MAT2:1-2":[3.32,25.92,42.411],"MAT2:11":[205.283,218.933]}},"warnings":{"BISBSPN2SA":{"23":{"MAT1:18-19":{"details":"no verses after range, repeating verse 12 timestamp","method":"repeat_before","type":"approximated","used_verses":[12]},"MAT1:20-21":{"details":"no verses after range, repeating verse 12 timestamp","method":"repeat_before","type":"approximated","used_verses":[12]},"MAT1:24-25":{"details":"no verses after range, repeating verse 12 timestamp","method":"repeat_before","type":"approximated","used_verses":[12]}}}}}