{"metadata":{"generated_at":"2026-01-01T00:00:00Z","total_languages":5},"canons":{"nt":{"with-timecode":{"aka":{"n":"Akan: Akuapem","v":"Akan, Akuapem-Twi"},"eng":{"n":"English: USA","v":"English"},"ewe":{"n":"Ewe","v":"Eʋegbe"},"gaa":{"n":"Ga"}},"audio-with-timecode":{"eng":{"n":"English: USA","v":"English"},"ewe":{"n":"Ewe","v":"Eʋegbe"}},"syncable":{"aka":{"n":"Akan: Akuapem","v":"Akan, Akuapem-Twi"},"eng":{"n":"English: USA","v":"English"}},"text-only":{"eng":{"n":"English: USA","v":"English"}},"audio-only":{"ada":{"n":"Adangme","v":"Dangme"},"aka":{"n":"Akan: Akuapem","v":"Akan, Akuapem-Twi"},"eng":{"n":"English: USA","v":"English"},"ewe":{"n":"Ewe","v":"Eʋegbe"},"gaa":{"n":"Ga"}}},"ot":{"with-timecode":{"eng":{"n":"English: USA","v":"English"}},"syncable":{"eng":{"n":"English: USA","v":"English"}},"text-only":{"eng":{"n":"English: USA","v":"English"}},"audio-only":{"aka":{"n":"Akan: Akuapem","v":"Akan, Akuapem-Twi"},"eng":{"n":"English: USA","v":"English"},"ewe":{"n":"Ewe","v":"Eʋegbe"},"gaa":{"n":"Ga"}}},"templates":{}}}