{"metadata":{"generated_at":"2026-01-01T00:00:00Z","total_languages":4},"canons":{"nt":{"with-timecode":{"cmn":{"n":"Chinese, Mandarin: Hui","v":"回族版圣经"},"eng":{"n":"English: USA","v":"English"},"tam":{"n":"Tamil","v":"தமிழ்"}},"audio-with-timecode":{"eng":{"n":"English: USA","v":"English"}},"syncable":{"cmn":{"n":"Chinese, Mandarin: Hui","v":"回族版圣经"},"eng":{"n":"English: USA","v":"English"}},"text-only":{"eng":{"n":"English: USA","v":"English"}},"audio-only":{"eng":{"n":"English: USA","v":"English"}}},"ot":{"with-timecode":{"cmn":{"n":"Chinese, Mandarin: Hui","v":"回族版圣经"},"eng":{"n":"English: USA","v":"English"},"tam":{"n":"Tamil","v":"தமிழ்"}},"syncable":{"cmn":{"n":"Chinese, Mandarin: Hui","v":"回族版圣经"},"eng":{"n":"English: USA","v":"English"},"tam":{"n":"Tamil","v":"தமிழ்"},"zsm":{"n":"Malay, Standard","v":"Bahasa Malaysia, بهاس مليسيا‎ (Bahasa Malaysia)"}},"text-only":{"eng":{"n":"English: USA","v":"English"},"tam":{"n":"Tamil","v":"தமிழ்"}},"audio-only":{"eng":{"n":"English: USA","v":"English"}}},"templates":{}}}