{"metadata":{"generated_at":"2026-01-01T00:00:00Z","total_languages":16},"canons":{"nt":{"with-timecode":{"cdh":{"n":"Chambeali","v":"चम्बयाळी बाइबिल"},"cja":{"n":"Cham, Western","v":"چم"},"cmi":{"n":"Emberá-Chamí","v":"ẽbẽra bed̶ea, ẽbẽra"},"jra":{"n":"Jarai","v":"Jơrai"},"mnw":{"n":"Mon"},"vie":{"n":"Vietnamese","v":"Tiếng Việt"}},"audio-with-timecode":{"tyz":{"n":"Tay"},"vie":{"n":"Vietnamese","v":"Tiếng Việt"}},"syncable":{"bru":{"n":"Bru Eastern","v":"Brũ"},"bud":{"n":"Bassar Ntcham"},"cwt":{"n":"Kuwaataay","v":"Kwatay"},"sja":{"n":"Eperã pedee"},"vie":{"n":"Vietnamese","v":"Tiếng Việt"}},"text-only":{"agn":{"n":"Agutaynen"},"ceg":{"n":"Chamacoco"},"vie":{"n":"Vietnamese","v":"Tiếng Việt"}},"audio-only":{"hnj":{"n":"Hmong Njua","v":"Hmong Njua Blu"},"ige":{"n":"Igede"},"jra":{"n":"Jarai","v":"Jơrai"},"mtq":{"n":"Muong"}}},"ot":{"syncable":{"vie":{"n":"Vietnamese","v":"Tiếng Việt"}},"text-only":{"mnw":{"n":"Mon"},"vie":{"n":"Vietnamese","v":"Tiếng Việt"}}},"templates":{}}}