{"metadata":{"generated_at":"2026-01-05T16:22:17.448057Z","total_languages":2},"canons":{"nt":{"with-timecode":{"hat":{"n":"Haitian","v":"Kreyòl Ayisyen"}},"text-only":{"fra":{"n":"French","v":"Français"},"hat":{"n":"Haitian","v":"Kreyòl Ayisyen"}},"audio-only":{"fra":{"n":"French","v":"Français"},"hat":{"n":"Haitian","v":"Kreyòl Ayisyen"}}},"ot":{"syncable":{"fra":{"n":"French","v":"Français"}},"text-only":{"fra":{"n":"French","v":"Français"}},"audio-only":{"fra":{"n":"French","v":"Français"}}}}}