{"metadata":{"generated_at":"2026-01-05T16:22:17.448057Z","total_languages":6},"canons":{"nt":{"with-timecode":{"ben":{"n":"Bengali","v":"বাংলা"},"mbc":{"n":"Macushi","v":"Macuxi"},"pbc":{"n":"Patamona"},"unr":{"n":"Mundari: Bangladesh","v":"Muṇḍari"},"wap":{"n":"Wapishana"}},"text-only":{"ben":{"n":"Bengali","v":"বাংলা"}},"audio-only":{"ben":{"n":"Bengali","v":"বাংলা"}}},"ot":{"with-timecode":{"ben":{"n":"Bengali","v":"বাংলা"}},"syncable":{"ben":{"n":"Bengali","v":"বাংলা"}},"text-only":{"ben":{"n":"Bengali","v":"বাংলা"}},"audio-only":{"ben":{"n":"Bengali","v":"বাংলা"}}}}}