{"metadata":{"generated_at":"2026-01-01T00:00:00Z","total_languages":13},"canons":{"nt":{"with-timecode":{"cmn":{"n":"Chinese, Mandarin: Hui","v":"回族版圣经"},"nan":{"n":"Penang Hokkien"},"uig":{"n":"Uyghur","v":"ئۇيغۇرچە"}},"audio-with-timecode":{"kor":{"n":"Korean, South","v":"한국말"}},"syncable":{"cmn":{"n":"Chinese, Mandarin: Hui","v":"回族版圣经"},"kaz":{"n":"Kazakh","v":"Қазақша"},"yue":{"n":"Chinese, Cantonese","v":"粵語"}},"text-only":{"hak":{"n":"Hakka Chinese","v":"客家話"},"kor":{"n":"Korean, South","v":"한국말"}},"audio-only":{"uig":{"n":"Uyghur","v":"ئۇيغۇرچە"},"yue":{"n":"Chinese, Cantonese","v":"粵語"}}},"ot":{"with-timecode":{"cmn":{"n":"Chinese, Mandarin: Hui","v":"回族版圣经"}},"syncable":{"cmn":{"n":"Chinese, Mandarin: Hui","v":"回族版圣经"},"hak":{"n":"Hakka Chinese","v":"客家話"}},"text-only":{"kaz":{"n":"Kazakh","v":"Қазақша"},"kor":{"n":"Korean, South","v":"한국말"},"yue":{"n":"Chinese, Cantonese","v":"粵語"}}},"templates":{}}}