{"metadata":{"generated_at":"2026-01-01T00:00:00Z","total_languages":19},"canons":{"nt":{"with-timecode":{"cui":{"n":"Cuiba","v":"Wajume"},"ikk":{"n":"Ika"},"kog":{"n":"Cogui","v":"Kogi"},"pio":{"n":"Piapoco"}},"syncable":{"des":{"n":"Desano"},"guc":{"n":"Wayuu"},"guh":{"n":"Guahibo"}},"text-only":{"bsn":{"n":"Barasana-Eduria","v":"Eduria"},"coe":{"n":"Koreguaje"},"guh":{"n":"Guahibo"},"gum":{"n":"Guambiano"},"gvc":{"n":"Guanano"},"inb":{"n":"Inga"},"pbb":{"n":"Nasa Yuwe","v":"Nasa Yuwe (Páez)"},"pir":{"n":"Piratapuyo"},"sri":{"n":"Siriano"}}},"ot":{"text-only":{"ikk":{"n":"Ika"}}},"templates":{}}}