{"metadata":{"generated_at":"2026-01-01T00:00:00Z","total_languages":6},"canons":{"nt":{"with-timecode":{"arb":{"n":"Arabic, Standard: Classical","v":"العربية الفصحى"},"rif":{"n":"Riffian","v":"ثريفيث"},"shi":{"n":"Tachelhit"}},"syncable":{"arb":{"n":"Arabic, Standard: Classical","v":"العربية الفصحى"}},"text-only":{"fra":{"n":"French","v":"Français"},"tzm":{"n":"Central Atlas Tamazight","v":"تمزيغت"}},"audio-only":{"arb":{"n":"Arabic, Standard: Classical","v":"العربية الفصحى"},"fra":{"n":"French","v":"Français"}}},"ot":{"syncable":{"arb":{"n":"Arabic, Standard: Classical","v":"العربية الفصحى"},"fra":{"n":"French","v":"Français"}},"text-only":{"arb":{"n":"Arabic, Standard: Classical","v":"العربية الفصحى"},"fra":{"n":"French","v":"Français"}},"audio-only":{"fra":{"n":"French","v":"Français"}}},"templates":{}}}