{"TGKWBTN1DA":{"22":{"LUK1:19-20":[229.117,237.048,253.988],"LUK1:26":[296.27,305.54],"LUK1:34-35":[372.472,384.782,389.273],"LUK1:39-41":[415.153,424.734,437.054,441.444],"LUK1:5-7":[63.722,74.232,83.793,97.383],"LUK1:57":[568.598,574.348],"LUK1:8":[97.383,105.683]},"23":{"LUK2:1":[2.36,12.77],"LUK2:12-14":[104.762,112.162,122.492,135.882],"LUK2:15-17":[135.882,154.522,162.943,170.573],"LUK2:6-7":[48.301,54.881,66.361],"LUK2:8-11":[66.361,73.941,83.851,94.851,104.762],"MAT1:18-19":[283.229,283.229,283.229],"MAT1:20-21":[283.229,283.229,283.229],"MAT1:24-25":[283.229,283.229,283.229],"MAT2:1-2":[2.46,18.761,31.272],"MAT2:11":[129.996,155.228]}},"warnings":{"TGKWBTN1DA":{"23":{"MAT1:18-19":{"details":"no verses after range, repeating verse 12 timestamp","method":"repeat_before","type":"approximated","used_verses":[12]},"MAT1:20-21":{"details":"no verses after range, repeating verse 12 timestamp","method":"repeat_before","type":"approximated","used_verses":[12]},"MAT1:24-25":{"details":"no verses after range, repeating verse 12 timestamp","method":"repeat_before","type":"approximated","used_verses":[12]}}}}}