{"metadata":{"generated_at":"2026-01-05T16:22:17.448057Z","total_languages":27},"canons":{"nt":{"with-timecode":{"gax":{"n":"Borana-Ethiopia","v":"Arsi"},"gaz":{"n":"Oromo, West Central"},"hdy":{"n":"Hadiyya"},"kbr":{"n":"Kafa"},"tir":{"n":"Tigrinya (Ethiopia)","v":"ትግርኛ"}},"audio-with-timecode":{"sid":{"n":"Sidaama","v":"Sidama"}},"syncable":{"amh":{"n":"Amharic","v":"አማርኛ"},"guq":{"n":"Ache","v":"Aché"},"kxc":{"n":"Konso","v":"Afaa Xonso, አፈ ኾንሶ"},"sgw":{"n":"Gurage Chaha"},"som":{"n":"Somali"}},"text-only":{"amh":{"n":"Amharic","v":"አማርኛ"},"gmv":{"n":"Gamo"},"hae":{"n":"Oromo, Eastern"},"som":{"n":"Somali"}},"audio-only":{"bcq":{"n":"Bench","v":"Benc’non"},"bst":{"n":"Basketo","v":"ባስኬ፟ት"},"gax":{"n":"Borana-Ethiopia","v":"Arsi"},"hdy":{"n":"Hadiyya"}}},"ot":{"syncable":{"gaz":{"n":"Oromo, West Central"},"som":{"n":"Somali"}},"text-only":{"som":{"n":"Somali"},"wal":{"n":"Wolaitta"}},"audio-only":{"gaz":{"n":"Oromo, West Central"}}}}}