{"SNECAKN1DA":{"22":{"LUK1:19-20":[207.722,220.922,236.782],"LUK1:26":[286.423,296.603],"LUK1:34-35":[363.344,372.564,387.794],"LUK1:39-41":[419.254,428.524,437.374,446.565],"LUK1:5-7":[53.861,70.111,79.891,88.231],"LUK1:57":[572.466,579.126],"LUK1:8":[88.231,99.091]},"23":{"LUK2:1":[3.14,13.84],"LUK2:12-14":[118.623,129.634,138.214,146.054],"LUK2:15-17":[146.054,160.634,169.135,177.735],"LUK2:6-7":[53.691,59.232,75.472],"LUK2:8-11":[75.472,84.282,95.773,107.373,118.623],"MAT1:18-19":[286.888,286.888,286.888],"MAT1:20-21":[286.888,286.888,286.888],"MAT1:24-25":[286.888,286.888,286.888],"MAT2:1-2":[3.54,22.881,43.791],"MAT2:11":[167.334,178.824]}},"warnings":{"SNECAKN1DA":{"23":{"MAT1:18-19":{"details":"no verses after range, repeating verse 13 timestamp","method":"repeat_before","type":"approximated","used_verses":[13]},"MAT1:20-21":{"details":"no verses after range, repeating verse 13 timestamp","method":"repeat_before","type":"approximated","used_verses":[13]},"MAT1:24-25":{"details":"no verses after range, repeating verse 13 timestamp","method":"repeat_before","type":"approximated","used_verses":[13]}}}}}