{"metadata":{"generated_at":"2026-01-01T00:00:00Z","total_languages":19},"canons":{"nt":{"with-timecode":{"cak":{"n":"Cakchiquel Santa Maria de Jesus (Kaqchikel)","v":"Cakchiquel Santa Maria de Jesus"},"eng":{"n":"English: USA","v":"English"}},"audio-with-timecode":{"cak":{"n":"Cakchiquel Santa Maria de Jesus (Kaqchikel)","v":"Cakchiquel Santa Maria de Jesus"},"eng":{"n":"English: USA","v":"English"}},"syncable":{"bss":{"n":"Akoose","v":"Bakossi"},"eng":{"n":"English: USA","v":"English"},"mgo":{"n":"Meta"},"nnh":{"n":"Ngiemboon"}},"text-only":{"bfd":{"n":"Bafut","v":"Bɨfɨɨ̀"},"cak":{"n":"Cakchiquel Santa Maria de Jesus (Kaqchikel)","v":"Cakchiquel Santa Maria de Jesus"},"eng":{"n":"English: USA","v":"English"},"ewo":{"n":"Ewondo"},"fra":{"n":"French","v":"Français"},"kkj":{"n":"Kako","v":"KAKÓ"}},"audio-only":{"bbj":{"n":"Ghomala"},"bum":{"n":"Bulu"},"byv":{"n":"Medumba"},"dua":{"n":"Douala"},"eng":{"n":"English: USA","v":"English"},"fan":{"n":"Fang"},"fra":{"n":"French","v":"Français"},"maf":{"n":"Mafa","v":"Mofa"},"mua":{"n":"Moundang"}}},"ot":{"with-timecode":{"eng":{"n":"English: USA","v":"English"}},"syncable":{"eng":{"n":"English: USA","v":"English"},"fra":{"n":"French","v":"Français"}},"text-only":{"eng":{"n":"English: USA","v":"English"},"fra":{"n":"French","v":"Français"}},"audio-only":{"eng":{"n":"English: USA","v":"English"},"fra":{"n":"French","v":"Français"}}},"templates":{}}}