{"metadata":{"generated_at":"2026-01-01T00:00:00Z","total_languages":3},"canons":{"nt":{"text-only":{"deu":{"n":"German","v":"Deutsch"},"fra":{"n":"French","v":"Français"},"nld":{"n":"Dutch","v":"Nederlands"}},"audio-only":{"fra":{"n":"French","v":"Français"},"nld":{"n":"Dutch","v":"Nederlands"}}},"ot":{"syncable":{"fra":{"n":"French","v":"Français"}},"text-only":{"deu":{"n":"German","v":"Deutsch"},"fra":{"n":"French","v":"Français"},"nld":{"n":"Dutch","v":"Nederlands"}},"audio-only":{"fra":{"n":"French","v":"Français"}}},"templates":{}}}