{"metadata":{"generated_at":"2026-01-05T16:22:17.448057Z","total_languages":7},"canons":{"nt":{"with-timecode":{"knf":{"n":"Mankanya","v":"Mancagne"}},"text-only":{"dyo":{"n":"Jola-Fogny"},"fra":{"n":"French","v":"Français"}},"audio-only":{"fra":{"n":"French","v":"Français"},"mfv":{"n":"Manjaku","v":"Manjáku"},"srr":{"n":"Seereer"},"wol":{"n":"Wolof"}}},"ot":{"syncable":{"fra":{"n":"French","v":"Français"}},"text-only":{"fra":{"n":"French","v":"Français"}},"audio-only":{"fra":{"n":"French","v":"Français"}}}}}