{"metadata":{"generated_at":"2026-01-01T00:00:00Z","total_languages":21},"canons":{"nt":{"with-timecode":{"aeb":{"n":"Arabic, Tunisian Spoken","v":"تونسي, الدارجة"},"arb":{"n":"Arabic, Standard: Classical","v":"العربية الفصحى"}},"audio-with-timecode":{"shu":{"n":"Arabe Choa, Chadian Arabic ","v":"العربية التشادية"}},"syncable":{"apd":{"n":"Arabic Sudanese","v":"سوداني, دارجة"},"arb":{"n":"Arabic, Standard: Classical","v":"العربية الفصحى"},"shu":{"n":"Arabe Choa, Chadian Arabic ","v":"العربية التشادية"}},"text-only":{"ayp":{"n":"Mardini"}},"audio-only":{"afb":{"n":"Arabic, Kuwait","v":"خليجي"},"arb":{"n":"Arabic, Standard: Classical","v":"العربية الفصحى"},"mey":{"n":"Hassaniyya","v":"Hassaniyya, حسانية"}}},"ot":{"syncable":{"arb":{"n":"Arabic, Standard: Classical","v":"العربية الفصحى"},"shu":{"n":"Arabe Choa, Chadian Arabic ","v":"العربية التشادية"}},"text-only":{"arb":{"n":"Arabic, Standard: Classical","v":"العربية الفصحى"}}},"templates":{}}}