{"metadata":{"generated_at":"2026-01-05T16:22:17.448057Z","total_languages":6},"canons":{"nt":{"with-timecode":{"vmy":{"n":"Ayautla Mazatec","v":"Enre naxinanda nguifi"}},"audio-with-timecode":{"maj":{"n":"Jalapa De Díaz Mazatec","v":"Kinꞌekꞌatiya, Ntaxjo̱"}},"syncable":{"vmy":{"n":"Ayautla Mazatec","v":"Enre naxinanda nguifi"}},"text-only":{"maa":{"n":"Mazatec, San Antonio","v":"ꞌÉn-ná"},"maq":{"n":"Chiquihuitlán Mazatec","v":"Hne naja, Nne nangui ngaxni"}},"audio-only":{"mzi":{"n":"Ixcatlán Mazatec","v":"En ningotsie"}}},"ot":{}}}