{"metadata":{"generated_at":"2026-01-01T00:00:00Z","total_languages":4},"canons":{"nt":{"with-timecode":{"arb":{"n":"Arabic, Standard: Classical","v":"العربية الفصحى"}},"syncable":{"arb":{"n":"Arabic, Standard: Classical","v":"العربية الفصحى"},"som":{"n":"Somali"}},"text-only":{"fra":{"n":"French","v":"Français"},"som":{"n":"Somali"}},"audio-only":{"arb":{"n":"Arabic, Standard: Classical","v":"العربية الفصحى"},"fra":{"n":"French","v":"Français"}}},"ot":{"syncable":{"arb":{"n":"Arabic, Standard: Classical","v":"العربية الفصحى"},"fra":{"n":"French","v":"Français"},"som":{"n":"Somali"}},"text-only":{"arb":{"n":"Arabic, Standard: Classical","v":"العربية الفصحى"},"fra":{"n":"French","v":"Français"},"som":{"n":"Somali"}},"audio-only":{"fra":{"n":"French","v":"Français"}}},"templates":{}}}