{"metadata":{"generated_at":"2026-01-05T16:22:17.448057Z","total_languages":21},"canons":{"nt":{"with-timecode":{"bak":{"n":"Bashkir","v":"Башҡорт теле"},"bjr":{"n":"Binumarien"},"mrj":{"n":"Mari, Hill","v":"кырык мары йӹлмӹ"},"rus":{"n":"Russian","v":"русский язык"},"tat":{"n":"Tatar"},"tgk":{"n":"Tajik","v":"тоҷикӣ"},"tuk":{"n":"Turkmen","v":"Türkmençe"},"udm":{"n":"Udmurt","v":"удмурт кыл"},"uzn":{"n":"Northern Uzbek","v":"oʻzbek tili, ўзбек тили"}},"audio-with-timecode":{"hyw":{"n":"Armenian, Western","v":"Արեւմտահայերէն"},"tgk":{"n":"Tajik","v":"тоҷикӣ"},"tuk":{"n":"Turkmen","v":"Türkmençe"},"ukr":{"n":"Ukrainian","v":"український"}},"syncable":{"chv":{"n":"Chuvash","v":"Чăвашла"},"kaz":{"n":"Kazakh","v":"Қазақша"},"mhr":{"n":"Eastern Mari","v":"Mari-Meadow"},"tat":{"n":"Tatar"}},"text-only":{"bxr":{"n":"Buryat","v":"Buriat"},"crh":{"n":"Crimean Tatar","v":"къырымтатар тили"},"rus":{"n":"Russian","v":"русский язык"},"ukr":{"n":"Ukrainian","v":"український"}},"audio-only":{"bel":{"n":"Belarusian","v":"беларуская мова"},"hye":{"n":"Armenian","v":"հայերէն"},"rus":{"n":"Russian","v":"русский язык"},"ukr":{"n":"Ukrainian","v":"український"}}},"ot":{"syncable":{"che":{"n":"Chechen","v":"Нохчийн мотт"},"rus":{"n":"Russian","v":"русский язык"},"tat":{"n":"Tatar"},"tuk":{"n":"Turkmen","v":"Türkmençe"}},"text-only":{"crh":{"n":"Crimean Tatar","v":"къырымтатар тили"},"kaz":{"n":"Kazakh","v":"Қазақша"},"rus":{"n":"Russian","v":"русский язык"},"ukr":{"n":"Ukrainian","v":"український"}},"audio-only":{"rus":{"n":"Russian","v":"русский язык"},"uzn":{"n":"Northern Uzbek","v":"oʻzbek tili, ўзбек тили"}}}}}