{"metadata":{"generated_at":"2026-01-05T16:22:17.448057Z","total_languages":19},"canons":{"nt":{"with-timecode":{"bcl":{"n":"Bicolano Central","v":"Bikol"},"ceb":{"n":"Cebuano","v":"Binisaya"},"gyr":{"n":"Guarayo","v":"Gwarayu"},"ifa":{"n":"Amganad Ifugao","v":"Central Ifugao"},"knb":{"n":"Guinaang Pasil Kalinga","v":"Lilubuagen"},"kne":{"n":"Kankanaey"},"kyb":{"n":"Butbut Kalinga","v":"Kalinga, Butbut"},"mrw":{"n":"Maranao"},"pam":{"n":"Kapampangan","v":"Pampangan"},"tgl":{"n":"Tagalog"}},"audio-with-timecode":{"ilo":{"n":"Ilokano"}},"syncable":{"hil":{"n":"Hiligaynon"}},"text-only":{"ceb":{"n":"Cebuano","v":"Binisaya"},"ifb":{"n":"Ayangan Ifugao"},"ifk":{"n":"Ifugao, Tuwali"},"ify":{"n":"Antipolo Ifugao"},"pag":{"n":"Pangasinan"},"tgl":{"n":"Tagalog"},"war":{"n":"Samareno","v":"Samareño"}},"audio-only":{"bto":{"n":"Bikol, Rinconada"},"ibl":{"n":"Ibaloy","v":"Inibaloi"},"knb":{"n":"Guinaang Pasil Kalinga","v":"Lilubuagen"}}},"ot":{"syncable":{"hil":{"n":"Hiligaynon"}},"text-only":{"ceb":{"n":"Cebuano","v":"Binisaya"},"ifa":{"n":"Amganad Ifugao","v":"Central Ifugao"},"ifb":{"n":"Ayangan Ifugao"},"ifk":{"n":"Ifugao, Tuwali"},"ify":{"n":"Antipolo Ifugao"},"mrw":{"n":"Maranao"},"tgl":{"n":"Tagalog"}}}}}