{"metadata":{"generated_at":"2026-01-01T00:00:00Z","total_languages":22},"canons":{"nt":{"with-timecode":{"btd":{"n":"Batak Dairi","v":"Pakpak"},"btx":{"n":"Batak, Karo"},"ind":{"n":"Indonesian","v":"Bahasa Indonesia"},"max":{"n":"Malay, North Maluku"},"mhy":{"n":"Dayak Ma’anyan","v":"Ma’anyan"},"zlm":{"n":"Malay","v":"Melayu"}},"audio-with-timecode":{"ace":{"n":"Aceh"}},"syncable":{"bbc":{"n":"Batak, Toba"},"pse":{"n":"Central Malay","v":"Serawai"},"sas":{"n":"Sasak"},"sun":{"n":"Sundanese"}},"text-only":{"ban":{"n":"Balinese","v":"Bali"},"bts":{"n":"Batak, Simalungun"},"bug":{"n":"Buginese","v":"Bugis"},"ind":{"n":"Indonesian","v":"Bahasa Indonesia"},"jav":{"n":"Javanese","v":"Jawa"},"mad":{"n":"Madurese","v":"Madura"},"sri":{"n":"Siriano"},"tpp":{"n":"Pisaflores Tepehua","v":"Tepehua, Pisaflores"}},"audio-only":{"abs":{"n":"Malay, Ambonese","v":"Malayu Ambong"},"mkn":{"n":"Kupang Malay"},"sas":{"n":"Sasak"},"zlm":{"n":"Malay","v":"Melayu"}}},"ot":{"syncable":{"ind":{"n":"Indonesian","v":"Bahasa Indonesia"},"zsm":{"n":"Malay, Standard","v":"Bahasa Malaysia, بهاس مليسيا‎ (Bahasa Malaysia)"}},"text-only":{"ban":{"n":"Balinese","v":"Bali"},"bbc":{"n":"Batak, Toba"},"ind":{"n":"Indonesian","v":"Bahasa Indonesia"},"mad":{"n":"Madurese","v":"Madura"},"zlm":{"n":"Malay","v":"Melayu"}},"audio-only":{"ace":{"n":"Aceh"}}},"templates":{}}}