{"metadata":{"generated_at":"2026-01-05T16:22:17.448057Z","total_languages":10},"canons":{"nt":{"with-timecode":{"acm":{"n":"Arabic, Ahwazi, Iranian Spoken","v":"العربية الأهوازية"},"arb":{"n":"Arabic, Standard: Classical","v":"العربية الفصحى"},"irk":{"n":"Iraqw","v":"Kiiraqw"}},"syncable":{"apd":{"n":"Arabic Sudanese","v":"سوداني, دارجة"},"arb":{"n":"Arabic, Standard: Classical","v":"العربية الفصحى"}},"text-only":{"tzm":{"n":"Central Atlas Tamazight","v":"تمزيغت"}},"audio-only":{"aii":{"n":"Assyrian Neo Aramaic","v":"ܐܬܘܪܝܐ‎, ܣܘܪܬ‎"},"arb":{"n":"Arabic, Standard: Classical","v":"العربية الفصحى"}}},"ot":{"syncable":{"arb":{"n":"Arabic, Standard: Classical","v":"العربية الفصحى"}},"text-only":{"arb":{"n":"Arabic, Standard: Classical","v":"العربية الفصحى"}},"audio-only":{"aii":{"n":"Assyrian Neo Aramaic","v":"ܐܬܘܪܝܐ‎, ܣܘܪܬ‎"}}}}}