{"LAOUBSN2DA":{"22":{"LUK1:19-20":[200.992,211.453,223.393],"LUK1:26":[273.773,285.734],"LUK1:34-35":[352.514,363.505,379.255],"LUK1:39-41":[411.395,420.415,425.755,435.845],"LUK1:5-7":[52.181,68.671,80.811,87.821],"LUK1:57":[574.137,581.747],"LUK1:8":[87.821,95.061]},"23":{"LUK2:1":[2.93,11.81],"LUK2:12-14":[109.444,116.654,126.425,136.675],"LUK2:15-17":[136.675,151.346,157.966,165.436],"LUK2:6-7":[46.802,53.722,64.492],"LUK2:8-11":[64.492,72.743,88.403,101.494,109.444],"MAT1:18-19":[235.719,235.719,235.719],"MAT1:20-21":[235.719,235.719,235.719],"MAT1:24-25":[235.719,235.719,235.719],"MAT2:1-2":[3.45,17.031,30.851],"MAT2:11":[122.005,144.765]}},"warnings":{"LAOUBSN2DA":{"23":{"MAT1:18-19":{"details":"no verses after range, repeating verse 12 timestamp","method":"repeat_before","type":"approximated","used_verses":[12]},"MAT1:20-21":{"details":"no verses after range, repeating verse 12 timestamp","method":"repeat_before","type":"approximated","used_verses":[12]},"MAT1:24-25":{"details":"no verses after range, repeating verse 12 timestamp","method":"repeat_before","type":"approximated","used_verses":[12]}}}}}