{"metadata":{"generated_at":"2026-01-05T16:22:17.448057Z","total_languages":2},"canons":{"nt":{"with-timecode":{"arb":{"n":"Arabic, Standard: Classical","v":"العربية الفصحى"}},"syncable":{"arb":{"n":"Arabic, Standard: Classical","v":"العربية الفصحى"}},"audio-only":{"arb":{"n":"Arabic, Standard: Classical","v":"العربية الفصحى"}}},"ot":{"syncable":{"arb":{"n":"Arabic, Standard: Classical","v":"العربية الفصحى"}},"text-only":{"arb":{"n":"Arabic, Standard: Classical","v":"العربية الفصحى"}}}}}