{"metadata":{"generated_at":"2026-01-01T00:00:00Z","total_languages":18},"canons":{"nt":{"with-timecode":{"fuh":{"n":"Fulfulde Burkina","v":"Fulfulde"},"hat":{"n":"Haitian","v":"Kreyòl Ayisyen"},"kab":{"n":"Kabyle","v":"Taqbaylit"},"mnk":{"n":"Mandinka"}},"audio-with-timecode":{"fon":{"n":"Fon"},"shu":{"n":"Arabe Choa, Chadian Arabic ","v":"العربية التشادية"}},"syncable":{"fuq":{"n":"Central-Eastern Niger Fulfulde","v":"Fulfulde, Central Eastern Niger"},"las":{"n":"Lamba (Togo)","v":"Lamba"},"mgq":{"n":"Malila"},"shu":{"n":"Arabe Choa, Chadian Arabic ","v":"العربية التشادية"}},"text-only":{"fra":{"n":"French","v":"Français"},"hat":{"n":"Haitian","v":"Kreyòl Ayisyen"},"sag":{"n":"Sango"}},"audio-only":{"fra":{"n":"French","v":"Français"},"gkp":{"n":"Guinea Kpelle","v":"Kpelee, Guinea"},"hat":{"n":"Haitian","v":"Kreyòl Ayisyen"},"kng":{"n":"Kintandu","v":"Kikongo"},"ktu":{"n":"Kituba (Democratic Republic of Congo)","v":"Kituba"},"pov":{"n":"Crioulo, Upper Guinea","v":"Crioulo da Guiné-Bissau"},"swc":{"n":"Congo Swahili","v":"Kiswahili, Congo"},"wol":{"n":"Wolof"}}},"ot":{"syncable":{"fra":{"n":"French","v":"Français"},"shu":{"n":"Arabe Choa, Chadian Arabic ","v":"العربية التشادية"}},"text-only":{"fra":{"n":"French","v":"Français"},"sag":{"n":"Sango"}},"audio-only":{"fra":{"n":"French","v":"Français"},"mnk":{"n":"Mandinka"}}},"templates":{}}}