{"metadata":{"generated_at":"2026-01-05T16:22:17.448057Z","total_languages":14},"canons":{"nt":{"with-timecode":{"bor":{"n":"Bororo"},"cul":{"n":"Kulina","v":"Culina"},"myu":{"n":"Munduruku"},"por":{"n":"Portuguese: Brasil","v":"Português"}},"audio-with-timecode":{"gug":{"n":"Guarani, Paraguayan","v":"Guaraní"},"por":{"n":"Portuguese: Brasil","v":"Português"}},"syncable":{"kyz":{"n":"Kayabi","v":"Kayabí"}},"text-only":{"apu":{"n":"Apurinã"},"pab":{"n":"Parecis","v":"Paresi"},"pah":{"n":"Tenharim"},"por":{"n":"Portuguese: Brasil","v":"Português"},"ter":{"n":"Terena"},"tuo":{"n":"Tucano (Brazil)","v":"Dasea ye"},"xav":{"n":"Xavante"}},"audio-only":{"gug":{"n":"Guarani, Paraguayan","v":"Guaraní"},"por":{"n":"Portuguese: Brasil","v":"Português"}}},"ot":{"syncable":{"por":{"n":"Portuguese: Brasil","v":"Português"}},"text-only":{"por":{"n":"Portuguese: Brasil","v":"Português"}},"audio-only":{"gug":{"n":"Guarani, Paraguayan","v":"Guaraní"},"por":{"n":"Portuguese: Brasil","v":"Português"}}}}}