{"metadata":{"generated_at":"2026-01-01T00:00:00Z","total_languages":3},"canons":{"nt":{"with-timecode":{"rus":{"n":"Russian","v":"русский язык"},"uig":{"n":"Uyghur","v":"ئۇيغۇرچە"}},"syncable":{"kaz":{"n":"Kazakh","v":"Қазақша"}},"text-only":{"rus":{"n":"Russian","v":"русский язык"}},"audio-only":{"rus":{"n":"Russian","v":"русский язык"},"uig":{"n":"Uyghur","v":"ئۇيغۇرچە"}}},"ot":{"syncable":{"rus":{"n":"Russian","v":"русский язык"}},"text-only":{"kaz":{"n":"Kazakh","v":"Қазақша"},"rus":{"n":"Russian","v":"русский язык"}},"audio-only":{"rus":{"n":"Russian","v":"русский язык"}}},"templates":{}}}