{"metadata":{"generated_at":"2026-01-05T16:22:17.448057Z","total_languages":7},"canons":{"nt":{"with-timecode":{"lin":{"n":"Lingala"}},"audio-with-timecode":{"lin":{"n":"Lingala"}},"text-only":{"fra":{"n":"French","v":"Français"}},"audio-only":{"fra":{"n":"French","v":"Français"},"kng":{"n":"Kintandu","v":"Kikongo"},"lol":{"n":"Longondjo"},"lua":{"n":"Luba-Lulua","v":"Tshiluba"},"swh":{"n":"Kiswahili"}}},"ot":{"syncable":{"fra":{"n":"French","v":"Français"},"lin":{"n":"Lingala"}},"text-only":{"fra":{"n":"French","v":"Français"}},"audio-only":{"fra":{"n":"French","v":"Français"},"swh":{"n":"Kiswahili"}}}}}