{"MUHWBTN2SA":{"22":{"LUK1:19-20":[221.41,232.92,244.4],"LUK1:26":[277.55,300.73],"LUK1:34-35":[377.71,389.33,398.37],"LUK1:39-41":[429.47,443.94,443.94,449.56],"LUK1:5-7":[41.11,59.8,73.33,85.67],"LUK1:57":[615.82,625.21],"LUK1:8":[85.67,94.24]},"23":{"LUK2:1":[2.1,14.36],"LUK2:12-14":[113.81,123.73,138.77,152.37],"LUK2:15-17":[152.37,172.11,185.59,196.37],"LUK2:6-7":[56.84,62.61,79.96],"LUK2:8-11":[79.96,87.51,99.23,108.13,113.81],"MAT1:18-19":[181.42,197.7,225.33],"MAT1:20-21":[225.33,243.76,243.76],"MAT1:24-25":[257.44,257.44],"MAT2:1-2":[3.3,54.23],"MAT2:11":[168.86,191.98]}},"warnings":{"MUHWBTN2SA":{"22":{"LUK1:26":{"details":"using verses 25 and 27 as boundary approximation","method":"boundary_verses","type":"approximated","used_verses":[25,27]},"LUK1:39-41":{"details":"verse 41 missing, timestamps repeated","missing_verses":[41],"type":"partial"}},"23":{"MAT1:24-25":{"details":"verse 24 missing, timestamps repeated","missing_verses":[24],"type":"partial"},"MAT2:1-2":{"details":"verse 1 missing, timestamps repeated","missing_verses":[1],"type":"partial"}}}}}