{"metadata":{"generated_at":"2026-01-05T16:22:17.448057Z","total_languages":12},"canons":{"nt":{"with-timecode":{"cmn":{"n":"Chinese, Mandarin: Hui","v":"回族版圣经"},"dtp":{"n":"Kadazan Dusun"},"eng":{"n":"English: USA","v":"English"},"ind":{"n":"Indonesian","v":"Bahasa Indonesia"},"tam":{"n":"Tamil","v":"தமிழ்"},"zlm":{"n":"Malay","v":"Melayu"}},"audio-with-timecode":{"eng":{"n":"English: USA","v":"English"}},"syncable":{"cmn":{"n":"Chinese, Mandarin: Hui","v":"回族版圣经"},"eng":{"n":"English: USA","v":"English"}},"text-only":{"bug":{"n":"Buginese","v":"Bugis"},"eng":{"n":"English: USA","v":"English"},"iba":{"n":"Iban"},"ind":{"n":"Indonesian","v":"Bahasa Indonesia"},"jav":{"n":"Javanese","v":"Jawa"}},"audio-only":{"eng":{"n":"English: USA","v":"English"},"zlm":{"n":"Malay","v":"Melayu"}}},"ot":{"with-timecode":{"cmn":{"n":"Chinese, Mandarin: Hui","v":"回族版圣经"},"eng":{"n":"English: USA","v":"English"},"tam":{"n":"Tamil","v":"தமிழ்"}},"syncable":{"cmn":{"n":"Chinese, Mandarin: Hui","v":"回族版圣经"},"eng":{"n":"English: USA","v":"English"},"ind":{"n":"Indonesian","v":"Bahasa Indonesia"},"tam":{"n":"Tamil","v":"தமிழ்"},"zsm":{"n":"Malay, Standard","v":"Bahasa Malaysia, بهاس مليسيا‎ (Bahasa Malaysia)"}},"text-only":{"dtp":{"n":"Kadazan Dusun"},"eng":{"n":"English: USA","v":"English"},"ind":{"n":"Indonesian","v":"Bahasa Indonesia"},"tam":{"n":"Tamil","v":"தமிழ்"},"zlm":{"n":"Malay","v":"Melayu"}},"audio-only":{"eng":{"n":"English: USA","v":"English"}}}}}