{"metadata":{"generated_at":"2026-01-01T00:00:00Z","total_languages":19},"canons":{"nt":{"with-timecode":{"eng":{"n":"English: USA","v":"English"},"kde":{"n":"Makonde","v":"Shimakonde"},"saq":{"n":"Samburu"}},"audio-with-timecode":{"eng":{"n":"English: USA","v":"English"}},"syncable":{"dhi":{"n":"Dhimal","v":"धिमाल बाइबिल"},"eng":{"n":"English: USA","v":"English"},"som":{"n":"Somali"}},"text-only":{"eng":{"n":"English: USA","v":"English"},"som":{"n":"Somali"}},"audio-only":{"ebu":{"n":"Embu","v":"Kîembu-Kîmbeere"},"eng":{"n":"English: USA","v":"English"},"guz":{"n":"Ekegusii"},"kam":{"n":"Kikamba","v":"Kĩkamba"},"kln":{"n":"Kalenjin"},"luo":{"n":"Luo"},"luy":{"n":"Bukusu","v":"Oluluyia"},"mas":{"n":"Maasai"},"mer":{"n":"Kimeru"},"suk":{"n":"Sukuma","v":"Kisukuma"},"swh":{"n":"Kiswahili"}}},"ot":{"with-timecode":{"eng":{"n":"English: USA","v":"English"}},"syncable":{"eng":{"n":"English: USA","v":"English"},"som":{"n":"Somali"}},"text-only":{"eng":{"n":"English: USA","v":"English"},"som":{"n":"Somali"}},"audio-only":{"eng":{"n":"English: USA","v":"English"},"luo":{"n":"Luo"},"swh":{"n":"Kiswahili"}}},"templates":{}}}