{"KZFLAIN1DA":{"22":{"LUK1:19-20":[237.474,250.064,267.435],"LUK1:26":[330.556,343.136],"LUK1:34-35":[424.327,432.477,453.448],"LUK1:39-41":[493.949,502.339,511.259,521.809],"LUK1:5-7":[56.251,80.341,91.352,98.392],"LUK1:57":[657.981,664.072],"LUK1:8":[98.392,109.862]},"23":{"LUK2:1":[2.74,15.83],"LUK2:12-14":[131.883,144.773,152.224,160.994],"LUK2:15-17":[160.994,179.104,190.064,199.985],"LUK2:6-7":[57.951,63.701,82.962],"LUK2:8-11":[82.962,93.412,106.272,120.153,131.883],"MAT1:18-19":[235.039,235.039,235.039],"MAT1:20-21":[235.039,235.039,235.039],"MAT1:24-25":[235.039,235.039,235.039],"MAT2:1-2":[2.8,16.641,33.162],"MAT2:11":[128.389,154.381]}},"warnings":{"KZFLAIN1DA":{"23":{"MAT1:18-19":{"details":"no verses after range, repeating verse 10 timestamp","method":"repeat_before","type":"approximated","used_verses":[10]},"MAT1:20-21":{"details":"no verses after range, repeating verse 10 timestamp","method":"repeat_before","type":"approximated","used_verses":[10]},"MAT1:24-25":{"details":"no verses after range, repeating verse 10 timestamp","method":"repeat_before","type":"approximated","used_verses":[10]}}}}}