{"metadata":{"generated_at":"2026-01-01T00:00:00Z","total_languages":8},"canons":{"nt":{"with-timecode":{"cak":{"n":"Cakchiquel Santa Maria de Jesus (Kaqchikel)","v":"Cakchiquel Santa Maria de Jesus"},"cbi":{"n":"Chachi"},"kac":{"n":"Kachin","v":"Jinghpaw"},"mcb":{"n":"Machiguenga","v":"Matsigenka"},"mpd":{"n":"Machinere","v":"Manchineri"}},"audio-with-timecode":{"acr":{"n":"Achi de Cubulco","v":"Achí, Cubulco"},"cak":{"n":"Cakchiquel Santa Maria de Jesus (Kaqchikel)","v":"Cakchiquel Santa Maria de Jesus"},"mam":{"n":"Mam, Northern","v":"Mam, Huehuetenango"}},"text-only":{"cak":{"n":"Cakchiquel Santa Maria de Jesus (Kaqchikel)","v":"Cakchiquel Santa Maria de Jesus"},"mam":{"n":"Mam, Northern","v":"Mam, Huehuetenango"},"tpt":{"n":"Tepehua Tlachichilco","v":"Tepehua, Tlachichilco"}},"audio-only":{"mam":{"n":"Mam, Northern","v":"Mam, Huehuetenango"}}},"ot":{"text-only":{"kac":{"n":"Kachin","v":"Jinghpaw"}}},"templates":{}}}