{"metadata":{"generated_at":"2026-01-05T16:22:17.448057Z","total_languages":7},"canons":{"nt":{"with-timecode":{"acm":{"n":"Arabic, Ahwazi, Iranian Spoken","v":"العربية الأهوازية"},"arb":{"n":"Arabic, Standard: Classical","v":"العربية الفصحى"}},"audio-with-timecode":{"ckb":{"n":"Kurdish, Sorani"}},"syncable":{"arb":{"n":"Arabic, Standard: Classical","v":"العربية الفصحى"},"azb":{"n":"Azerbaijani, South","v":"آذربایجانجا‎"}},"audio-only":{"arb":{"n":"Arabic, Standard: Classical","v":"العربية الفصحى"}}},"ot":{"syncable":{"arb":{"n":"Arabic, Standard: Classical","v":"العربية الفصحى"},"azb":{"n":"Azerbaijani, South","v":"آذربایجانجا‎"},"ckb":{"n":"Kurdish, Sorani"}},"text-only":{"arb":{"n":"Arabic, Standard: Classical","v":"العربية الفصحى"}}}}}