{"metadata":{"generated_at":"2026-01-01T00:00:00Z","total_languages":5},"canons":{"nt":{"with-timecode":{"spa":{"n":"Spanish","v":"español"}},"audio-with-timecode":{"cat":{"n":"Catalan","v":"Català"},"eus":{"n":"Basque","v":"Euskara"}},"syncable":{"spa":{"n":"Spanish","v":"español"}},"text-only":{"eus":{"n":"Basque","v":"Euskara"},"spa":{"n":"Spanish","v":"español"}},"audio-only":{"ast":{"n":"Asturian","v":"Asturianu"},"spa":{"n":"Spanish","v":"español"}}},"ot":{"text-only":{"spa":{"n":"Spanish","v":"español"}}},"templates":{}}}