{"metadata":{"generated_at":"2026-01-05T16:22:17.448057Z","total_languages":5},"canons":{"nt":{"with-timecode":{"spa":{"n":"Spanish","v":"español"}},"audio-with-timecode":{"cat":{"n":"Catalan","v":"Català"},"eus":{"n":"Basque","v":"Euskara"}},"syncable":{"spa":{"n":"Spanish","v":"español"}},"text-only":{"eus":{"n":"Basque","v":"Euskara"},"spa":{"n":"Spanish","v":"español"}},"audio-only":{"ast":{"n":"Asturian","v":"Asturianu"},"spa":{"n":"Spanish","v":"español"}}},"ot":{"text-only":{"spa":{"n":"Spanish","v":"español"}}}}}