{"metadata":{"generated_at":"2026-01-01T00:00:00Z","total_languages":4},"canons":{"nt":{"with-timecode":{"qul":{"n":"North Bolivian Quechua","v":"Quechua, Zona Norte de Bolivia"},"spa":{"n":"Spanish","v":"español"}},"audio-with-timecode":{"gug":{"n":"Guarani, Paraguayan","v":"Guaraní"}},"syncable":{"spa":{"n":"Spanish","v":"español"}},"text-only":{"spa":{"n":"Spanish","v":"español"}},"audio-only":{"gug":{"n":"Guarani, Paraguayan","v":"Guaraní"},"spa":{"n":"Spanish","v":"español"}}},"ot":{"text-only":{"spa":{"n":"Spanish","v":"español"}},"audio-only":{"gug":{"n":"Guarani, Paraguayan","v":"Guaraní"}}},"templates":{}}}