{"metadata":{"generated_at":"2026-01-01T00:00:00Z","total_languages":4},"canons":{"nt":{"with-timecode":{"arb":{"n":"Arabic, Standard: Classical","v":"العربية الفصحى"}},"syncable":{"arb":{"n":"Arabic, Standard: Classical","v":"العربية الفصحى"}},"audio-only":{"arb":{"n":"Arabic, Standard: Classical","v":"العربية الفصحى"}}},"ot":{"syncable":{"arb":{"n":"Arabic, Standard: Classical","v":"العربية الفصحى"}},"text-only":{"arb":{"n":"Arabic, Standard: Classical","v":"العربية الفصحى"}}},"templates":{}}}