{"metadata":{"generated_at":"2026-01-05T16:22:17.448057Z","total_languages":14},"canons":{"nt":{"with-timecode":{"por":{"n":"Portuguese: Brasil","v":"Português"},"yao":{"n":"Chiyao","v":"Yao"}},"audio-with-timecode":{"ngl":{"n":"Lomwe","v":"Elomwe"},"nya":{"n":"Chichewa","v":"Chicheŵa"},"por":{"n":"Portuguese: Brasil","v":"Português"},"seh":{"n":"Chisena","v":"Cisena"},"toh":{"n":"Gitonga"}},"text-only":{"por":{"n":"Portuguese: Brasil","v":"Português"}},"audio-only":{"ndc":{"n":"Ndau","v":"Chindau"},"nya":{"n":"Chichewa","v":"Chicheŵa"},"por":{"n":"Portuguese: Brasil","v":"Português"},"rng":{"n":"Xirhonga","v":"Ronga (Xhirhonga)"},"sna":{"n":"Shona"},"swh":{"n":"Kiswahili"},"tsw":{"n":"Tsishingini"},"vmw":{"n":"Makhuwa"},"yao":{"n":"Chiyao","v":"Yao"}}},"ot":{"syncable":{"nya":{"n":"Chichewa","v":"Chicheŵa"},"por":{"n":"Portuguese: Brasil","v":"Português"}},"text-only":{"por":{"n":"Portuguese: Brasil","v":"Português"}},"audio-only":{"por":{"n":"Portuguese: Brasil","v":"Português"},"swh":{"n":"Kiswahili"}}}}}