{"metadata":{"generated_at":"2026-01-05T16:22:17.448057Z","total_languages":13},"canons":{"nt":{"with-timecode":{"cdh":{"n":"Chambeali","v":"चम्बयाळी बाइबिल"},"cja":{"n":"Cham, Western","v":"چم"},"cmi":{"n":"Emberá-Chamí","v":"ẽbẽra bed̶ea, ẽbẽra"},"jra":{"n":"Jarai","v":"Jơrai"},"vie":{"n":"Vietnamese","v":"Tiếng Việt"}},"audio-with-timecode":{"tyz":{"n":"Tay"},"vie":{"n":"Vietnamese","v":"Tiếng Việt"}},"syncable":{"bud":{"n":"Bassar Ntcham"},"cwt":{"n":"Kuwaataay","v":"Kwatay"},"sja":{"n":"Eperã pedee"},"vie":{"n":"Vietnamese","v":"Tiếng Việt"}},"text-only":{"agn":{"n":"Agutaynen"},"ceg":{"n":"Chamacoco"},"vie":{"n":"Vietnamese","v":"Tiếng Việt"}},"audio-only":{"ige":{"n":"Igede"},"jra":{"n":"Jarai","v":"Jơrai"},"mtq":{"n":"Muong"}}},"ot":{"syncable":{"vie":{"n":"Vietnamese","v":"Tiếng Việt"}},"text-only":{"vie":{"n":"Vietnamese","v":"Tiếng Việt"}}}}}