{"metadata":{"generated_at":"2026-01-01T00:00:00Z","total_languages":4},"canons":{"nt":{"with-timecode":{"eng":{"n":"English: USA","v":"English"}},"audio-with-timecode":{"eng":{"n":"English: USA","v":"English"}},"syncable":{"eng":{"n":"English: USA","v":"English"}},"text-only":{"eng":{"n":"English: USA","v":"English"},"fra":{"n":"French","v":"Français"}},"audio-only":{"eng":{"n":"English: USA","v":"English"},"fra":{"n":"French","v":"Français"},"kin":{"n":"Rufumbira"},"swh":{"n":"Kiswahili"}}},"ot":{"with-timecode":{"eng":{"n":"English: USA","v":"English"}},"syncable":{"eng":{"n":"English: USA","v":"English"},"fra":{"n":"French","v":"Français"}},"text-only":{"eng":{"n":"English: USA","v":"English"},"fra":{"n":"French","v":"Français"}},"audio-only":{"eng":{"n":"English: USA","v":"English"},"fra":{"n":"French","v":"Français"},"swh":{"n":"Kiswahili"}}},"templates":{}}}