{"MZWNVSN1DA":{"22":{"LUK1:19-20":[177.976,186.957,203.937],"LUK1:26":[250.479,262.78],"LUK1:34-35":[310.371,317.952,332.302],"LUK1:39-41":[355.453,363.873,368.233,376.684],"LUK1:5-7":[37.471,52.902,62.162,70.263],"LUK1:57":[471.127,475.087],"LUK1:8":[70.263,78.053]},"23":{"LUK2:1":[2.1,10.62],"LUK2:12-14":[103.324,112.214,118.934,127.115],"LUK2:15-17":[127.115,141.855,152.686,163.996],"LUK2:6-7":[48.402,51.632,65.532],"LUK2:8-11":[65.532,75.033,82.113,92.774,103.324],"MAT1:18-19":[208.131,208.131,208.131],"MAT1:20-21":[208.131,208.131,208.131],"MAT1:24-25":[208.131,208.131,208.131],"MAT2:1-2":[2.1,17.871,31.372],"MAT2:11":[107.278,120.209]}},"warnings":{"MZWNVSN1DA":{"23":{"MAT1:18-19":{"details":"no verses after range, repeating verse 11 timestamp","method":"repeat_before","type":"approximated","used_verses":[11]},"MAT1:20-21":{"details":"no verses after range, repeating verse 11 timestamp","method":"repeat_before","type":"approximated","used_verses":[11]},"MAT1:24-25":{"details":"no verses after range, repeating verse 11 timestamp","method":"repeat_before","type":"approximated","used_verses":[11]}}}}}