{"metadata":{"generated_at":"2026-01-05T16:22:17.448057Z","total_languages":7},"canons":{"nt":{"with-timecode":{"eng":{"n":"English: USA","v":"English"}},"audio-with-timecode":{"eng":{"n":"English: USA","v":"English"},"nya":{"n":"Chichewa","v":"Chicheŵa"}},"syncable":{"eng":{"n":"English: USA","v":"English"}},"text-only":{"eng":{"n":"English: USA","v":"English"}},"audio-only":{"eng":{"n":"English: USA","v":"English"},"loz":{"n":"Lozi"},"lua":{"n":"Luba-Lulua","v":"Tshiluba"},"lun":{"n":"Lunda"},"nya":{"n":"Chichewa","v":"Chicheŵa"},"toi":{"n":"Chitonga"}}},"ot":{"with-timecode":{"eng":{"n":"English: USA","v":"English"}},"syncable":{"eng":{"n":"English: USA","v":"English"},"nya":{"n":"Chichewa","v":"Chicheŵa"}},"text-only":{"eng":{"n":"English: USA","v":"English"}},"audio-only":{"bem":{"n":"Chibemba","v":"Bemba"},"eng":{"n":"English: USA","v":"English"}}}}}