{"metadata":{"generated_at":"2026-01-05T16:22:17.448057Z","total_languages":4},"canons":{"nt":{"with-timecode":{"arb":{"n":"Arabic, Standard: Classical","v":"العربية الفصحى"}},"syncable":{"arb":{"n":"Arabic, Standard: Classical","v":"العربية الفصحى"},"som":{"n":"Somali"}},"text-only":{"som":{"n":"Somali"}},"audio-only":{"arb":{"n":"Arabic, Standard: Classical","v":"العربية الفصحى"},"swh":{"n":"Kiswahili"}}},"ot":{"syncable":{"arb":{"n":"Arabic, Standard: Classical","v":"العربية الفصحى"},"som":{"n":"Somali"}},"text-only":{"arb":{"n":"Arabic, Standard: Classical","v":"العربية الفصحى"},"som":{"n":"Somali"}},"audio-only":{"swh":{"n":"Kiswahili"}}}}}