{"metadata":{"generated_at":"2026-01-05T16:22:17.448057Z","total_languages":11},"canons":{"nt":{"with-timecode":{"rmc":{"n":"Romani, Carpathian: Western Ukraine","v":"Romanes, Romani cib"},"rol":{"n":"Romblomanon"}},"audio-with-timecode":{"ukr":{"n":"Ukrainian","v":"український"}},"syncable":{"hun":{"n":"Hungarian","v":"Magyar"},"rml":{"n":"Baltic Romani","v":"Romani"},"rmy":{"n":"Romani, Vlakh","v":"Romané"},"ron":{"n":"Romanian","v":"Limba română"}},"text-only":{"deu":{"n":"German","v":"Deutsch"},"hun":{"n":"Hungarian","v":"Magyar"},"rml":{"n":"Baltic Romani","v":"Romani"},"rmo":{"n":"Romani, Sinti"},"ron":{"n":"Romanian","v":"Limba română"},"ukr":{"n":"Ukrainian","v":"український"}},"audio-only":{"rmn":{"n":"Balkan Romani"},"rmy":{"n":"Romani, Vlakh","v":"Romané"},"ron":{"n":"Romanian","v":"Limba română"},"ukr":{"n":"Ukrainian","v":"український"}}},"ot":{"text-only":{"deu":{"n":"German","v":"Deutsch"},"hun":{"n":"Hungarian","v":"Magyar"},"rmc":{"n":"Romani, Carpathian: Western Ukraine","v":"Romanes, Romani cib"},"rml":{"n":"Baltic Romani","v":"Romani"},"ron":{"n":"Romanian","v":"Limba română"},"ukr":{"n":"Ukrainian","v":"український"}},"audio-only":{"hun":{"n":"Hungarian","v":"Magyar"}}}}}