{"metadata":{"generated_at":"2026-01-01T00:00:00Z","total_languages":4},"canons":{"nt":{"with-timecode":{"asm":{"n":"Assamese","v":"অসমীয়া"},"ben":{"n":"Bengali","v":"বাংলা"}},"audio-with-timecode":{"cnh":{"n":"Chin, Haka","v":"Chin, Hakha"}},"text-only":{"ben":{"n":"Bengali","v":"বাংলা"}},"audio-only":{"ben":{"n":"Bengali","v":"বাংলা"}}},"ot":{"with-timecode":{"asm":{"n":"Assamese","v":"অসমীয়া"},"ben":{"n":"Bengali","v":"বাংলা"}},"syncable":{"ben":{"n":"Bengali","v":"বাংলা"}},"text-only":{"ben":{"n":"Bengali","v":"বাংলা"}},"audio-only":{"ben":{"n":"Bengali","v":"বাংলা"}}},"templates":{}}}