{"metadata":{"generated_at":"2026-01-01T00:00:00Z","total_languages":1},"canons":{"nt":{"with-timecode":{"por":{"n":"Portuguese: Brasil","v":"Português"}},"audio-with-timecode":{"por":{"n":"Portuguese: Brasil","v":"Português"}},"text-only":{"por":{"n":"Portuguese: Brasil","v":"Português"}},"audio-only":{"por":{"n":"Portuguese: Brasil","v":"Português"}}},"ot":{"syncable":{"por":{"n":"Portuguese: Brasil","v":"Português"}},"text-only":{"por":{"n":"Portuguese: Brasil","v":"Português"}},"audio-only":{"por":{"n":"Portuguese: Brasil","v":"Português"}}},"templates":{}}}