{"metadata":{"generated_at":"2026-01-01T00:00:00Z","total_languages":24},"canons":{"nt":{"with-timecode":{"asm":{"n":"Assamese","v":"অসমীয়া"},"bdv":{"n":"Bodoporja","v":"ବଡ଼ ପରଜା‎"},"ben":{"n":"Bengali","v":"বাংলা"},"buu":{"n":"Bodo","v":"Budu: Neta"},"gas":{"n":"Garasia Adiwasi","v":"ગરાસિયા આદિવાસી બાઇબલ"},"myx":{"n":"Ludadiri"},"npi":{"n":"Nepali","v":"नेपाली"},"unr":{"n":"Mundari: Bangladesh","v":"Muṇḍari"},"vah":{"n":"Varhadi, Nagpuri","v":"वऱ्हाडी नागपुरी बाइबिल"}},"audio-with-timecode":{"ike":{"n":"Inuktitut, Eastern Canadian"},"kbc":{"n":"Kadiweu"}},"syncable":{"npi":{"n":"Nepali","v":"नेपाली"}},"text-only":{"adj":{"n":"Adioukrou"},"ben":{"n":"Bengali","v":"বাংলা"},"lus":{"n":"Mizo"},"mps":{"n":"Dadibi"}},"audio-only":{"ald":{"n":"Alladian"},"ben":{"n":"Bengali","v":"বাংলা"},"btg":{"n":"Gbadi","v":"Bhete"},"grt":{"n":"Garo Abeng","v":"আ·বেং"},"kxp":{"n":"Koli, Wadiyara","v":"કોળી વાડિયારા બાઇબલ"},"mrr":{"n":"Madia","v":"Hill Madia"},"npi":{"n":"Nepali","v":"नेपाली"}}},"ot":{"with-timecode":{"asm":{"n":"Assamese","v":"অসমীয়া"},"ben":{"n":"Bengali","v":"বাংলা"}},"syncable":{"ben":{"n":"Bengali","v":"বাংলা"}},"text-only":{"ben":{"n":"Bengali","v":"বাংলা"},"mps":{"n":"Dadibi"}},"audio-only":{"ben":{"n":"Bengali","v":"বাংলা"}}},"templates":{}}}