{"metadata":{"generated_at":"2026-01-01T00:00:00Z","total_languages":17},"canons":{"nt":{"with-timecode":{"tgk":{"n":"Tajik","v":"тоҷикӣ"},"tuk":{"n":"Turkmen","v":"Türkmençe"}},"audio-with-timecode":{"tgk":{"n":"Tajik","v":"тоҷикӣ"},"tuk":{"n":"Turkmen","v":"Türkmençe"}},"syncable":{"azb":{"n":"Azerbaijani, South","v":"آذربایجانجا‎"}},"audio-only":{"aii":{"n":"Assyrian Neo Aramaic","v":"ܐܬܘܪܝܐ‎, ܣܘܪܬ‎"},"glk":{"n":"Gilaki, Eastern","v":"گیلکی (لاهیجانی)"}}},"ot":{"syncable":{"azb":{"n":"Azerbaijani, South","v":"آذربایجانجا‎"},"tuk":{"n":"Turkmen","v":"Türkmençe"}},"audio-only":{"aii":{"n":"Assyrian Neo Aramaic","v":"ܐܬܘܪܝܐ‎, ܣܘܪܬ‎"}}},"templates":{}}}