{"BTDLAIN1DA":{"22":{"LUK1:19-20":[183.133,194.263,206.884],"LUK1:26":[253.905,263.325],"LUK1:34-35":[324.106,332.346,346.986],"LUK1:39-41":[376.737,381.317,388.567,398.447],"LUK1:5-7":[44.361,56.671,64.021,71.351],"LUK1:57":[507.129,512.779],"LUK1:8":[71.351,82.051]},"23":{"LUK2:1":[3.31,9.63],"LUK2:12-14":[79.151,86.182,93.152,101.052],"LUK2:15-17":[101.052,113.592,121.282,128.672],"LUK2:6-7":[33.481,38.791,48.711],"LUK2:8-11":[48.711,54.071,64.121,73.691,79.151],"MAT1:18-19":[188.678,188.678,188.678],"MAT1:20-21":[188.678,188.678,188.678],"MAT1:24-25":[188.678,188.678,188.678],"MAT2:1-2":[3.62,16.481,29.052],"MAT2:11":[113.718,133.209]}},"warnings":{"BTDLAIN1DA":{"23":{"MAT1:18-19":{"details":"no verses after range, repeating verse 12 timestamp","method":"repeat_before","type":"approximated","used_verses":[12]},"MAT1:20-21":{"details":"no verses after range, repeating verse 12 timestamp","method":"repeat_before","type":"approximated","used_verses":[12]},"MAT1:24-25":{"details":"no verses after range, repeating verse 12 timestamp","method":"repeat_before","type":"approximated","used_verses":[12]}}}}}