{"ILORPVN2DA":{"22":{"LUK1:19-20":[213.764,246.184,256.454],"LUK1:26":[306.245,318.325],"LUK1:34-35":[388.937,406.327,418.507],"LUK1:39-41":[442.108,446.648,456.878,465.158],"LUK1:5-7":[42.191,59.531,72.441,79.841],"LUK1:57":[572.48,583.56],"LUK1:8":[79.841,90.962]},"23":{"LUK2:1":[3.34,13.891],"LUK2:12-14":[116.855,128.326,138.496,147.667],"LUK2:15-17":[147.667,162.838,172.308,179.908],"LUK2:6-7":[51.722,58.103,68.723],"LUK2:8-11":[68.723,79.144,90.124,106.625,116.855],"MAT1:18-19":[220.04,220.04,220.04],"MAT1:20-21":[220.04,220.04,220.04],"MAT1:24-25":[220.04,220.04,220.04],"MAT2:1-2":[3.31,18.781,31.931],"MAT2:11":[133.994,146.125]}},"warnings":{"ILORPVN2DA":{"23":{"MAT1:18-19":{"details":"no verses after range, repeating verse 13 timestamp","method":"repeat_before","type":"approximated","used_verses":[13]},"MAT1:20-21":{"details":"no verses after range, repeating verse 13 timestamp","method":"repeat_before","type":"approximated","used_verses":[13]},"MAT1:24-25":{"details":"no verses after range, repeating verse 13 timestamp","method":"repeat_before","type":"approximated","used_verses":[13]}}}}}