{"metadata":{"generated_at":"2026-01-05T16:22:17.448057Z","total_languages":19},"canons":{"nt":{"with-timecode":{"kxm":{"n":"Khmer, Northern"},"lao":{"n":"Lao","v":"ພາສາລາວ"},"lbf":{"n":"Lahuali","v":"लाहौली बाइबिल"},"nod":{"n":"Northern Thai","v":"กำเมือง"},"nst":{"n":"Shejü Sanke","v":"Tangshang hixvez"}},"audio-with-timecode":{"cnh":{"n":"Chin, Haka","v":"Chin, Hakha"},"ium":{"n":"Iu Mien"},"ksw":{"n":"Karen, S’Gaw"},"tha":{"n":"Thai","v":"ไทย"}},"syncable":{"cni":{"n":"Ashaninca","v":"Asháninca"},"kyu":{"n":"Kayah, Western"},"sah":{"n":"Sakha","v":"Сахалыы тылынан"}},"text-only":{"ahk":{"n":"Akha","v":"Aˇka ˇ Jaˇ liˆ"},"tha":{"n":"Thai","v":"ไทย"}},"audio-only":{"ahk":{"n":"Akha","v":"Aˇka ˇ Jaˇ liˆ"},"bci":{"n":"Baoule","v":"Nyanmien Nde Ufle"},"hnj":{"n":"Hmong Njua","v":"Hmong Njua Blu"},"kvq":{"n":"Karen, Geba"},"nst":{"n":"Shejü Sanke","v":"Tangshang hixvez"},"tha":{"n":"Thai","v":"ไทย"},"xis":{"n":"Kisan"}}},"ot":{"audio-only":{"ium":{"n":"Iu Mien"},"tha":{"n":"Thai","v":"ไทย"}}}}}