{"metadata":{"generated_at":"2026-01-05T16:22:17.448057Z","total_languages":13},"canons":{"nt":{"with-timecode":{"kde":{"n":"Makonde","v":"Shimakonde"},"lug":{"n":"Ganda","v":"Luganda"}},"audio-with-timecode":{"hay":{"n":"Haya","v":"Luhaya, Oruhaya"},"ktb":{"n":"Kambaata"},"lug":{"n":"Ganda","v":"Luganda"},"nym":{"n":"Kinyamwezi","v":"Mhola Ya Chelu"}},"syncable":{"run":{"n":"Kirundi","v":"Ikirundi"},"som":{"n":"Somali"}},"text-only":{"cbt":{"n":"Chayahuita","v":"Shawi"},"som":{"n":"Somali"}},"audio-only":{"guz":{"n":"Ekegusii"},"ktb":{"n":"Kambaata"},"luo":{"n":"Luo"},"run":{"n":"Kirundi","v":"Ikirundi"},"suk":{"n":"Sukuma","v":"Kisukuma"},"swh":{"n":"Kiswahili"}}},"ot":{"syncable":{"som":{"n":"Somali"}},"text-only":{"som":{"n":"Somali"}},"audio-only":{"lug":{"n":"Ganda","v":"Luganda"},"luo":{"n":"Luo"},"run":{"n":"Kirundi","v":"Ikirundi"},"swh":{"n":"Kiswahili"}}}}}