{"LHUTBSN2DA":{"22":{"LUK1:19-20":[262.275,277.816,297.556],"LUK1:26":[362.468,375.188],"LUK1:34-35":[465.35,476.41,499.59],"LUK1:39-41":[536.041,548.031,554.972,569.262],"LUK1:5-7":[56.131,72.892,88.232,97.652],"LUK1:57":[730.055,736.115],"LUK1:8":[97.652,105.792]},"23":{"LUK2:1":[1.52,13.29],"LUK2:12-14":[123.814,141.444,150.714,169.895],"LUK2:15-17":[169.895,187.966,197.076,208.696],"LUK2:6-7":[56.892,63.662,77.882],"LUK2:8-11":[77.882,88.533,103.183,116.623,123.814],"MAT1:18-19":[346.068,346.068,346.068],"MAT1:20-21":[346.068,346.068,346.068],"MAT1:24-25":[346.068,346.068,346.068],"MAT2:1-2":[1.74,19.421,38.892],"MAT2:11":[148.318,168.56]}},"warnings":{"LHUTBSN2DA":{"23":{"MAT1:18-19":{"details":"no verses after range, repeating verse 12 timestamp","method":"repeat_before","type":"approximated","used_verses":[12]},"MAT1:20-21":{"details":"no verses after range, repeating verse 12 timestamp","method":"repeat_before","type":"approximated","used_verses":[12]},"MAT1:24-25":{"details":"no verses after range, repeating verse 12 timestamp","method":"repeat_before","type":"approximated","used_verses":[12]}}}}}