{"metadata":{"generated_at":"2026-01-01T00:00:00Z","total_languages":4},"canons":{"nt":{"text-only":{"deu":{"n":"German","v":"Deutsch"},"fra":{"n":"French","v":"Français"},"ita":{"n":"Italian","v":"italiano"}},"audio-only":{"fra":{"n":"French","v":"Français"}}},"ot":{"syncable":{"fra":{"n":"French","v":"Français"}},"text-only":{"deu":{"n":"German","v":"Deutsch"},"fra":{"n":"French","v":"Français"},"ita":{"n":"Italian","v":"italiano"}},"audio-only":{"fra":{"n":"French","v":"Français"}}},"templates":{}}}