{"metadata":{"generated_at":"2026-01-05T16:22:17.448057Z","total_languages":10},"canons":{"nt":{"with-timecode":{"eng":{"n":"English: USA","v":"English"}},"audio-with-timecode":{"eng":{"n":"English: USA","v":"English"},"nya":{"n":"Chichewa","v":"Chicheŵa"}},"syncable":{"eng":{"n":"English: USA","v":"English"}},"text-only":{"eng":{"n":"English: USA","v":"English"}},"audio-only":{"eng":{"n":"English: USA","v":"English"},"ndc":{"n":"Ndau","v":"Chindau"},"nde":{"n":"Ndebele, Zimbabwe"},"nya":{"n":"Chichewa","v":"Chicheŵa"},"sna":{"n":"Shona"},"toi":{"n":"Chitonga"}}},"ot":{"with-timecode":{"eng":{"n":"English: USA","v":"English"}},"syncable":{"eng":{"n":"English: USA","v":"English"},"nya":{"n":"Chichewa","v":"Chicheŵa"}},"text-only":{"eng":{"n":"English: USA","v":"English"}},"audio-only":{"eng":{"n":"English: USA","v":"English"},"nde":{"n":"Ndebele, Zimbabwe"}}}}}