{"metadata":{"generated_at":"2026-01-01T00:00:00Z","total_languages":3},"canons":{"nt":{"with-timecode":{"rus":{"n":"Russian","v":"русский язык"},"uzn":{"n":"Northern Uzbek","v":"oʻzbek tili, ўзбек тили"}},"text-only":{"rus":{"n":"Russian","v":"русский язык"}},"audio-only":{"kir":{"n":"Kirghiz"},"rus":{"n":"Russian","v":"русский язык"}}},"ot":{"syncable":{"rus":{"n":"Russian","v":"русский язык"}},"text-only":{"rus":{"n":"Russian","v":"русский язык"}},"audio-only":{"rus":{"n":"Russian","v":"русский язык"},"uzn":{"n":"Northern Uzbek","v":"oʻzbek tili, ўзбек тили"}}},"templates":{}}}