{"metadata":{"generated_at":"2026-01-05T16:22:17.448057Z","total_languages":6},"canons":{"nt":{"with-timecode":{"spa":{"n":"Spanish","v":"español"},"tmf":{"n":"Toba-Maskoy"}},"audio-with-timecode":{"gug":{"n":"Guarani, Paraguayan","v":"Guaraní"}},"syncable":{"spa":{"n":"Spanish","v":"español"}},"text-only":{"ceg":{"n":"Chamacoco"},"spa":{"n":"Spanish","v":"español"}},"audio-only":{"cag":{"n":"Nivacle","v":"Nivaclé"},"enl":{"n":"Enhlit","v":"Enlhet"},"gug":{"n":"Guarani, Paraguayan","v":"Guaraní"},"spa":{"n":"Spanish","v":"español"}}},"ot":{"text-only":{"spa":{"n":"Spanish","v":"español"}},"audio-only":{"gug":{"n":"Guarani, Paraguayan","v":"Guaraní"}}}}}