{"metadata":{"generated_at":"2026-01-05T16:22:17.448057Z","total_languages":2},"canons":{"nt":{"with-timecode":{"eng":{"n":"English: USA","v":"English"}},"audio-with-timecode":{"eng":{"n":"English: USA","v":"English"}},"syncable":{"eng":{"n":"English: USA","v":"English"},"tpi":{"n":"Tok Pisin"}},"text-only":{"eng":{"n":"English: USA","v":"English"}},"audio-only":{"eng":{"n":"English: USA","v":"English"}}},"ot":{"with-timecode":{"eng":{"n":"English: USA","v":"English"}},"syncable":{"eng":{"n":"English: USA","v":"English"}},"text-only":{"eng":{"n":"English: USA","v":"English"},"tpi":{"n":"Tok Pisin"}},"audio-only":{"eng":{"n":"English: USA","v":"English"}}}}}