{"metadata":{"generated_at":"2026-01-01T00:00:00Z","total_languages":18},"canons":{"nt":{"with-timecode":{"bor":{"n":"Bororo"},"cul":{"n":"Kulina","v":"Culina"},"myu":{"n":"Munduruku"},"por":{"n":"Portuguese: Brasil","v":"Português"},"tgp":{"n":"Tangoa"}},"audio-with-timecode":{"gug":{"n":"Guarani, Paraguayan","v":"Guaraní"},"por":{"n":"Portuguese: Brasil","v":"Português"},"tso":{"n":"Xichangana","v":"Tsonga (Xichangana)"}},"syncable":{"kyz":{"n":"Kayabi","v":"Kayabí"},"mgh":{"n":"Makhuwa Meetto","v":"Makua"}},"text-only":{"apu":{"n":"Apurinã"},"mgh":{"n":"Makhuwa Meetto","v":"Makua"},"pab":{"n":"Parecis","v":"Paresi"},"pah":{"n":"Tenharim"},"por":{"n":"Portuguese: Brasil","v":"Português"},"ter":{"n":"Terena"},"tuo":{"n":"Tucano (Brazil)","v":"Dasea ye"},"xav":{"n":"Xavante"}},"audio-only":{"gug":{"n":"Guarani, Paraguayan","v":"Guaraní"},"por":{"n":"Portuguese: Brasil","v":"Português"},"umb":{"n":"Umbundu"}}},"ot":{"syncable":{"por":{"n":"Portuguese: Brasil","v":"Português"}},"text-only":{"por":{"n":"Portuguese: Brasil","v":"Português"}},"audio-only":{"gug":{"n":"Guarani, Paraguayan","v":"Guaraní"},"por":{"n":"Portuguese: Brasil","v":"Português"}}},"templates":{}}}