{"metadata":{"generated_at":"2026-01-01T00:00:00Z","total_languages":11},"canons":{"nt":{"with-timecode":{"gax":{"n":"Borana-Ethiopia","v":"Arsi"},"gaz":{"n":"Oromo, West Central"},"hdy":{"n":"Hadiyya"},"tir":{"n":"Tigrinya (Ethiopia)","v":"ትግርኛ"}},"syncable":{"amh":{"n":"Amharic","v":"አማርኛ"},"sgw":{"n":"Gurage Chaha"},"som":{"n":"Somali"}},"text-only":{"amh":{"n":"Amharic","v":"አማርኛ"},"gmv":{"n":"Gamo"},"hae":{"n":"Oromo, Eastern"},"som":{"n":"Somali"}},"audio-only":{"gax":{"n":"Borana-Ethiopia","v":"Arsi"},"hdy":{"n":"Hadiyya"}}},"ot":{"syncable":{"gaz":{"n":"Oromo, West Central"},"som":{"n":"Somali"}},"text-only":{"som":{"n":"Somali"}},"audio-only":{"gaz":{"n":"Oromo, West Central"}}},"templates":{}}}