{"metadata":{"generated_at":"2026-01-05T16:22:17.448057Z","total_languages":9},"canons":{"nt":{"with-timecode":{"eng":{"n":"English: USA","v":"English"},"lgg":{"n":"Lugbara"},"lug":{"n":"Ganda","v":"Luganda"},"xog":{"n":"Lusoga","v":"Soga"}},"audio-with-timecode":{"eng":{"n":"English: USA","v":"English"},"lug":{"n":"Ganda","v":"Luganda"}},"syncable":{"eng":{"n":"English: USA","v":"English"}},"text-only":{"ach":{"n":"Acholi"},"eng":{"n":"English: USA","v":"English"},"nyn":{"n":"Nyankole","v":"Runyankore-Rukiga"},"teo":{"n":"Ateso, Orom","v":"Atεsᴐ"}},"audio-only":{"eng":{"n":"English: USA","v":"English"},"swh":{"n":"Kiswahili"},"teo":{"n":"Ateso, Orom","v":"Atεsᴐ"}}},"ot":{"with-timecode":{"eng":{"n":"English: USA","v":"English"}},"syncable":{"eng":{"n":"English: USA","v":"English"}},"text-only":{"eng":{"n":"English: USA","v":"English"}},"audio-only":{"eng":{"n":"English: USA","v":"English"},"lug":{"n":"Ganda","v":"Luganda"},"swh":{"n":"Kiswahili"}}}}}