{"metadata":{"generated_at":"2026-01-05T16:22:17.448057Z","total_languages":3},"canons":{"nt":{"syncable":{"run":{"n":"Kirundi","v":"Ikirundi"}},"text-only":{"fra":{"n":"French","v":"Français"}},"audio-only":{"fra":{"n":"French","v":"Français"},"run":{"n":"Kirundi","v":"Ikirundi"},"swh":{"n":"Kiswahili"}}},"ot":{"syncable":{"fra":{"n":"French","v":"Français"}},"text-only":{"fra":{"n":"French","v":"Français"}},"audio-only":{"fra":{"n":"French","v":"Français"},"run":{"n":"Kirundi","v":"Ikirundi"},"swh":{"n":"Kiswahili"}}}}}