{"metadata":{"generated_at":"2026-01-01T00:00:00Z","total_languages":23},"canons":{"nt":{"with-timecode":{"bfy":{"n":"Bagheli","v":"बघेली"},"bgc":{"n":"Haryanvi"},"hin":{"n":"Hindi","v":"हिन्दी"},"hoc":{"n":"Ho"},"mag":{"n":"Magahi"},"nag":{"n":"Nagamese"},"npi":{"n":"Nepali","v":"नेपाली"}},"audio-with-timecode":{"hin":{"n":"Hindi","v":"हिन्दी"}},"syncable":{"awa":{"n":"Awadhi","v":"अवधी"},"mwq":{"n":"Chin, Cho","v":"Cho Ng’thu"},"npi":{"n":"Nepali","v":"नेपाली"}},"text-only":{"mai":{"n":"Maithili","v":"मैथिली"},"mni":{"n":"Manipuri","v":"মণিপুরী"},"nkf":{"n":"Inpui Naga","v":"Naga, Inpui"}},"audio-only":{"bho":{"n":"Bhojpuri","v":"भोजपुरी"},"bra":{"n":"Braj Bhasha","v":"ब्रज भाषा"},"hif":{"n":"Fiji Hindi","v":"Fiji-Hindi"},"ikh":{"n":"Aokho"},"kpm":{"n":"Koho"},"npi":{"n":"Nepali","v":"नेपाली"},"pci":{"n":"Dhurwa","v":"Parji"}}},"ot":{"with-timecode":{"hin":{"n":"Hindi","v":"हिन्दी"}},"syncable":{"hin":{"n":"Hindi","v":"हिन्दी"}},"text-only":{"mni":{"n":"Manipuri","v":"মণিপুরী"}},"audio-only":{"bgc":{"n":"Haryanvi"},"mjt":{"n":"Malto Sauriya Pahariya","v":"Malto"}}},"templates":{}}}