{"metadata":{"generated_at":"2026-01-05T16:22:17.448057Z","total_languages":12},"canons":{"nt":{"with-timecode":{"cax":{"n":"Chiquitano","v":"Bésiro"},"gui":{"n":"Eastern Bolivian Guaraní","v":"Guarani de Bolivia"},"gyr":{"n":"Guarayo","v":"Gwarayu"},"ign":{"n":"Ignaciano"},"qul":{"n":"North Bolivian Quechua","v":"Quechua, Zona Norte de Bolivia"},"quz":{"n":"Cusco Quechua","v":"Quechua, Cusco"},"trn":{"n":"Trinitario"},"yuz":{"n":"Yuracare","v":"Yuracaré"}},"audio-with-timecode":{"gug":{"n":"Guarani, Paraguayan","v":"Guaraní"}},"syncable":{"tna":{"n":"Tacana"}},"text-only":{"quz":{"n":"Cusco Quechua","v":"Quechua, Cusco"}},"audio-only":{"gug":{"n":"Guarani, Paraguayan","v":"Guaraní"},"quh":{"n":"Quechua, South Bolivian","v":"Quechua, Zona Sur de Bolivia"}}},"ot":{"syncable":{"quz":{"n":"Cusco Quechua","v":"Quechua, Cusco"}},"audio-only":{"gug":{"n":"Guarani, Paraguayan","v":"Guaraní"}}}}}