{"metadata":{"generated_at":"2026-01-05T16:22:17.448057Z","total_languages":20},"canons":{"nt":{"with-timecode":{"jmc":{"n":"Kimashami"},"kde":{"n":"Makonde","v":"Shimakonde"},"kki":{"n":"Kagulu","v":"Kikagulu"},"nyy":{"n":"Kinyakyusa"},"sbk":{"n":"Safwa"},"vun":{"n":"Kivunjo"}},"audio-with-timecode":{"asa":{"n":"Asu","v":"Chasu"},"ksb":{"n":"Kishambala"},"nym":{"n":"Kinyamwezi","v":"Mhola Ya Chelu"}},"text-only":{"heh":{"n":"Hehe","v":"Kihehe"},"rwo":{"n":"Rawa"}},"audio-only":{"bez":{"n":"Bena"},"kam":{"n":"Kikamba","v":"Kĩkamba"},"lag":{"n":"Rangi"},"mas":{"n":"Maasai"},"mgr":{"n":"Mambwe-Lungu","v":"Mambwe Lungu"},"swh":{"n":"Kiswahili"}}},"ot":{"audio-only":{"swh":{"n":"Kiswahili"}}}}}