{"metadata":{"generated_at":"2026-01-05T16:22:17.448057Z","total_languages":2},"canons":{"nt":{"with-timecode":{"eng":{"n":"English: USA","v":"English"},"spa":{"n":"Spanish","v":"español"}},"audio-with-timecode":{"eng":{"n":"English: USA","v":"English"}},"syncable":{"eng":{"n":"English: USA","v":"English"},"spa":{"n":"Spanish","v":"español"}},"text-only":{"eng":{"n":"English: USA","v":"English"},"spa":{"n":"Spanish","v":"español"}},"audio-only":{"eng":{"n":"English: USA","v":"English"},"spa":{"n":"Spanish","v":"español"}}},"ot":{"with-timecode":{"eng":{"n":"English: USA","v":"English"}},"syncable":{"eng":{"n":"English: USA","v":"English"}},"text-only":{"eng":{"n":"English: USA","v":"English"},"spa":{"n":"Spanish","v":"español"}},"audio-only":{"eng":{"n":"English: USA","v":"English"}}}}}