{"metadata":{"generated_at":"2026-01-05T16:22:17.448057Z","total_languages":3},"canons":{"nt":{"syncable":{"plt":{"n":"Malagasy, Merina","v":"Malagasy"}},"text-only":{"fra":{"n":"French","v":"Français"},"plt":{"n":"Malagasy, Merina","v":"Malagasy"}},"audio-only":{"fra":{"n":"French","v":"Français"},"plt":{"n":"Malagasy, Merina","v":"Malagasy"}}},"ot":{"syncable":{"fra":{"n":"French","v":"Français"}},"text-only":{"fra":{"n":"French","v":"Français"},"plt":{"n":"Malagasy, Merina","v":"Malagasy"}},"audio-only":{"fra":{"n":"French","v":"Français"}}}}}