{"metadata":{"generated_at":"2026-01-01T00:00:00Z","total_languages":8},"canons":{"nt":{"with-timecode":{"arb":{"n":"Arabic, Standard: Classical","v":"العربية الفصحى"},"heb":{"n":"Hebrew","v":"עברית"},"rus":{"n":"Russian","v":"русский язык"}},"syncable":{"arb":{"n":"Arabic, Standard: Classical","v":"العربية الفصحى"}},"text-only":{"rus":{"n":"Russian","v":"русский язык"}},"audio-only":{"arb":{"n":"Arabic, Standard: Classical","v":"العربية الفصحى"},"rus":{"n":"Russian","v":"русский язык"}}},"ot":{"syncable":{"arb":{"n":"Arabic, Standard: Classical","v":"العربية الفصحى"},"heb":{"n":"Hebrew","v":"עברית"},"rus":{"n":"Russian","v":"русский язык"}},"text-only":{"arb":{"n":"Arabic, Standard: Classical","v":"العربية الفصحى"},"rus":{"n":"Russian","v":"русский язык"}},"audio-only":{"rus":{"n":"Russian","v":"русский язык"}}},"templates":{}}}