{"metadata":{"generated_at":"2026-01-01T00:00:00Z","total_languages":19},"canons":{"nt":{"with-timecode":{"bcn":{"n":"Bali","v":"Abaali, Maya"},"guu":{"n":"Yanomamö","v":"Yanomami"},"hch":{"n":"Huichol"},"hus":{"n":"Huasteco, Veracruz","v":"Tének de San Luis Potosi"},"kdi":{"n":"Kumam"},"mqj":{"n":"Mamasa"}},"audio-with-timecode":{"mam":{"n":"Mam, Northern","v":"Mam, Huehuetenango"},"tzh":{"n":"Tzeltal","v":"Tzeltal, Oxchuc"},"tzo":{"n":"Tzotzil, Chenalhó"},"yua":{"n":"Maya, Yucatan","v":"Maya, Yucatán"}},"text-only":{"ach":{"n":"Acholi"},"hus":{"n":"Huasteco, Veracruz","v":"Tének de San Luis Potosi"},"mam":{"n":"Mam, Northern","v":"Mam, Huehuetenango"},"maw":{"n":"Mampruli: Togo","v":"Ŋmampulli"},"mop":{"n":"Maya Mopán","v":"Maya, Mopan"},"myk":{"n":"Miniyanka","v":"Mamara"}},"audio-only":{"ctu":{"n":"Chol Tumbala","v":"Chol, Tumbalá"},"mam":{"n":"Mam, Northern","v":"Mam, Huehuetenango"},"mgr":{"n":"Mambwe-Lungu","v":"Mambwe Lungu"},"sym":{"n":"Samo, Maya"},"tzo":{"n":"Tzotzil, Chenalhó"}}},"ot":{"syncable":{"hch":{"n":"Huichol"}}},"templates":{}}}