{"metadata":{"generated_at":"2026-01-05T16:22:17.448057Z","total_languages":20},"canons":{"nt":{"with-timecode":{"pan":{"n":"Panjabi","v":"ਪੰਜਾਬੀ, ਪੰਜਾਬੀ ਭਾਸ਼ਾ"},"sck":{"n":"Sadri","v":"सादरी।"},"thl":{"n":"Deukhuri","v":"देउखुरी"},"urd":{"n":"Urdu, Pakistan","v":"اُردُو‎"}},"audio-with-timecode":{"urd":{"n":"Urdu, Pakistan","v":"اُردُو‎"}},"syncable":{"sck":{"n":"Sadri","v":"सादरी।"},"thl":{"n":"Deukhuri","v":"देउखुरी"},"urd":{"n":"Urdu, Pakistan","v":"اُردُو‎"}},"audio-only":{"pbu":{"n":"Northern Pashto","v":"Pashto, Northern"},"snd":{"n":"Sindhi","v":"سنڌي"},"urd":{"n":"Urdu, Pakistan","v":"اُردُو‎"}}},"ot":{"with-timecode":{"pan":{"n":"Panjabi","v":"ਪੰਜਾਬੀ, ਪੰਜਾਬੀ ਭਾਸ਼ਾ"},"urd":{"n":"Urdu, Pakistan","v":"اُردُو‎"}},"syncable":{"urd":{"n":"Urdu, Pakistan","v":"اُردُو‎"}},"text-only":{"urd":{"n":"Urdu, Pakistan","v":"اُردُو‎"}}}}}