{"metadata":{"generated_at":"2026-01-01T00:00:00Z","total_languages":17},"canons":{"nt":{"with-timecode":{"eng":{"n":"English: USA","v":"English"},"hau":{"n":"Hausa"},"kcg":{"n":"Tyap"},"yor":{"n":"Yoruba","v":"Èdè Yorùbá"}},"audio-with-timecode":{"eng":{"n":"English: USA","v":"English"},"hau":{"n":"Hausa"}},"syncable":{"eng":{"n":"English: USA","v":"English"},"tvw":{"n":"Sedoa"}},"text-only":{"eng":{"n":"English: USA","v":"English"}},"audio-only":{"bin":{"n":"Bini","v":"Edo"},"efi":{"n":"Efik"},"eng":{"n":"English: USA","v":"English"},"hau":{"n":"Hausa"},"ibo":{"n":"Enuani"},"igl":{"n":"Igala"},"iso":{"n":"Isoko"},"kaj":{"n":"Jju"},"knc":{"n":"Central Kanuri","v":"Kanuri, Central"},"mkd":{"n":"Macedonian","v":"македонскиот"},"nup":{"n":"Nupe"},"tiv":{"n":"Tiv"},"urh":{"n":"Urhobo"},"yor":{"n":"Yoruba","v":"Èdè Yorùbá"}}},"ot":{"with-timecode":{"eng":{"n":"English: USA","v":"English"}},"syncable":{"eng":{"n":"English: USA","v":"English"},"hau":{"n":"Hausa"},"yor":{"n":"Yoruba","v":"Èdè Yorùbá"}},"text-only":{"eng":{"n":"English: USA","v":"English"},"ibo":{"n":"Enuani"}},"audio-only":{"eng":{"n":"English: USA","v":"English"},"mkd":{"n":"Macedonian","v":"македонскиот"}}},"templates":{}}}