{"metadata":{"generated_at":"2026-01-01T00:00:00Z","total_languages":3},"canons":{"nt":{"with-timecode":{"rus":{"n":"Russian","v":"русский язык"}},"text-only":{"rus":{"n":"Russian","v":"русский язык"}},"audio-only":{"hye":{"n":"Armenian","v":"հայերէն"},"rus":{"n":"Russian","v":"русский язык"}}},"ot":{"syncable":{"rus":{"n":"Russian","v":"русский язык"}},"text-only":{"rus":{"n":"Russian","v":"русский язык"}},"audio-only":{"rus":{"n":"Russian","v":"русский язык"}}},"templates":{}}}