{"metadata":{"generated_at":"2026-01-05T16:22:17.448057Z","total_languages":3},"canons":{"nt":{"with-timecode":{"rus":{"n":"Russian","v":"русский язык"}},"text-only":{"rus":{"n":"Russian","v":"русский язык"}},"audio-only":{"hye":{"n":"Armenian","v":"հայերէն"},"rus":{"n":"Russian","v":"русский язык"}}},"ot":{"syncable":{"rus":{"n":"Russian","v":"русский язык"}},"text-only":{"rus":{"n":"Russian","v":"русский язык"}},"audio-only":{"rus":{"n":"Russian","v":"русский язык"}}}}}