{"metadata":{"generated_at":"2026-01-01T00:00:00Z","total_languages":8},"canons":{"nt":{"with-timecode":{"jun":{"n":"Juang"},"kdt":{"n":"Kui","v":"กวย, กูย"},"kxv":{"n":"Kuvi","v":"కువి"},"ory":{"n":"Oriya","v":"ଓଡ଼ିଆ"}},"audio-with-timecode":{"ckb":{"n":"Kurdish, Sorani"}},"audio-only":{"bfw":{"n":"Bonda"},"dwk":{"n":"Dawik Kui","v":"Kui, Dawik"}}},"ot":{"with-timecode":{"ory":{"n":"Oriya","v":"ଓଡ଼ିଆ"}},"syncable":{"ckb":{"n":"Kurdish, Sorani"}}},"templates":{}}}