{"metadata":{"generated_at":"2026-01-05T16:22:17.448057Z","total_languages":13},"canons":{"nt":{"with-timecode":{"cek":{"n":"Chin, Khenlak-Asang"},"cmr":{"n":"Chin, Mro-Khimi","v":"Mro"},"cwe":{"n":"Kwere","v":"Ching’hwele"}},"syncable":{"ctd":{"n":"Tedim Chin","v":"Chin, Tiddim (Zomi)"}},"text-only":{"cbl":{"n":"Bualkhaw-Chin","v":"Chin, Bualkhaw"},"cfm":{"n":"Khualsim","v":"Falam Chin"},"ctd":{"n":"Tedim Chin","v":"Chin, Tiddim (Zomi)"},"hlt":{"n":"Chin, Matu"},"lus":{"n":"Mizo"},"mni":{"n":"Manipuri","v":"মণিপুরী"},"pce":{"n":"Ruching Palaung","v":"โฆรห ดาอาง รูจีง"},"pck":{"n":"Chin, Paite"}},"audio-only":{"cfm":{"n":"Khualsim","v":"Falam Chin"},"cnw":{"n":"Chin, Ngawn"},"ndh":{"n":"Ndali","v":"Chindali"}}},"ot":{"syncable":{"cfm":{"n":"Khualsim","v":"Falam Chin"}},"text-only":{"ctd":{"n":"Tedim Chin","v":"Chin, Tiddim (Zomi)"},"mni":{"n":"Manipuri","v":"মণিপুরী"},"pck":{"n":"Chin, Paite"}}}}}