{"AC1IBSN2DA":{"22":{"LUK1:19-20":[213.935,227.935,246.566],"LUK1:26":[302.407,312.547],"LUK1:34-35":[387.859,395.779,412.11],"LUK1:39-41":[440.46,448.46,455.611,466.031],"LUK1:5-7":[50.781,65.852,76.172,83.762],"LUK1:57":[582.784,589.874],"LUK1:8":[83.762,93.052]},"23":{"LUK2:1":[2.75,13.07],"LUK2:12-14":[112.154,124.764,132.324,142.745],"LUK2:15-17":[142.745,160.675,169.956,180.146],"LUK2:6-7":[42.831,50.122,65.542],"LUK2:8-11":[65.542,74.042,90.773,104.483,112.154],"MAT1:18-19":[234.282,234.282,234.282],"MAT1:20-21":[234.282,234.282,234.282],"MAT1:24-25":[234.282,234.282,234.282],"MAT2:1-2":[3.17,19.291,36.932],"MAT2:11":[167.14,179.971]}},"warnings":{"AC1IBSN2DA":{"23":{"MAT1:18-19":{"details":"no verses after range, repeating verse 13 timestamp","method":"repeat_before","type":"approximated","used_verses":[13]},"MAT1:20-21":{"details":"no verses after range, repeating verse 13 timestamp","method":"repeat_before","type":"approximated","used_verses":[13]},"MAT1:24-25":{"details":"no verses after range, repeating verse 13 timestamp","method":"repeat_before","type":"approximated","used_verses":[13]}}}}}